id,date,year,semester,era,kind,sentiment,sentiment_label,emoji,tone_intensity,primary_topic_label,topic_tag_labels,entities,target_short,sender_short,snippet,text_full
1,1991-08-26,1991,Fall,1991–1999,DART,-1,dart / criticism,🎯,0.37,"Campus edge, construction & expansion","Police, public safety & city services | Campus edge, construction & expansion",Campus Police / Public Safety,whoever,,Our first official dart is tossed at whoever decided to move campus police off campus. And what's wllh that new name ... Public Safety Office? What the hell Is that?,Our first official dart is tossed at whoever decided to move campus police off campus. And what's wllh that new name ... Public Safety Office? What the hell Is that?
43,1991-09-19,1991,Fall,1991–1999,DART,-1,dart / criticism,🎯,0.38,"Weather, environment & infrastructure","Police, public safety & city services | Community service & mutual aid | Weather, environment & infrastructure",Harrisonburg | City of Harrisonburg,the unbearably hot weather,,"A sweaty, drippy dart goes to the unbearably hot weather we've been having lately. Why do Harrisonburg City kids get out early because of heat and we don't? The forecast calls for…","A sweaty, drippy dart goes to the unbearably hot weather we've been having lately. Why do Harrisonburg City kids get out early because of heat and we don't? The forecast calls for cooler temperatures, but of course we can expect cloudy skies and rain as well. Maybe Mother Nature is preparing us for another unpredictable winter."
69,1991-10-07,1991,Fall,1991–1999,PAT,1,pat / praise,👏,0.5,Local businesses & restaurants,"Local businesses & restaurants | Campus edge, construction & expansion | Civic identity, media & reputation | Weather, environment & infrastructure",JMU,all community businesses,,"A cool pat to all community businesses, such as Chevron and Food-Mart, for honoring JMU's EARTH mug and R-mug. We're happy to pat those JMU students who really are using their mug…","A cool pat to all community businesses, such as Chevron and Food-Mart, for honoring JMU's EARTH mug and R-mug. We're happy to pat those JMU students who really are using their mugs on and off campus. We can save the world! Well, at least it's a good start."
101,1991-10-24,1991,Fall,1991–1999,DART,-1,dart / criticism,🎯,0.46,"Streets, traffic & pedestrian safety","Streets, traffic & pedestrian safety | Police, public safety & city services | Campus edge, construction & expansion",Harrisonburg | Main Street | Campus Police / Public Safety,"rude, speeding drivers",a mass communication major,"Excuse me, but last I checked, pedestrians had the right of way, Harrisonburg rush hour or not. Most of the time, actually crossing Main Street to get to Anthony-Seeger means fina…","Excuse me, but last I checked, pedestrians had the right of way, Harrisonburg rush hour or not. Most of the time, actually crossing Main Street to get to Anthony-Seeger means finally getting so fed up with the rude, speeding drivers that seem to infest our roadways that we just jump in front of them, risking life and limb to combat their complete ignorance of Driver's Ed. 101. After all, what's a lost leg when you're already late for your ethics exam? Sent in by a mass communication major with no patience and very close to no legs. But campus police are doing something to keep our legs attached - for more, see page 3."
120,1991-11-07,1991,Fall,1991–1999,PAT,1,pat / praise,👏,0.42,Community service & mutual aid,Local businesses & restaurants | Community service & mutual aid,JMU | Valley Mall,the public-spirited members,a grateful dad,A candy-coated pat to the public-spirited members of the JMU cheerleaders and the men's and women's basketball teams who delayed their holiday to help kids celebrate Halloween at…,A candy-coated pat to the public-spirited members of the JMU cheerleaders and the men's and women's basketball teams who delayed their holiday to help kids celebrate Halloween at Valley Mall. Sent in by a grateful dad.
125,1991-11-11,1991,Fall,1991–1999,DART,-1,dart / criticism,🎯,0.38,"Streets, traffic & pedestrian safety","Streets, traffic & pedestrian safety",Main Street,the Main Street crossing guards,,"This may be a crazy thought, but are the Main Street crossing guards really meeting their long-term goals? Not only does their schedule seem pretty inconsistent, they aren't doing…","This may be a crazy thought, but are the Main Street crossing guards really meeting their long-term goals? Not only does their schedule seem pretty inconsistent, they aren't doing anything we couldn't do by sticking our hands out. And they don't even get to wear safety orange."
131,1991-11-14,1991,Fall,1991–1999,DART,-1,dart / criticism,🎯,0.36,"Housing, landlords & apartment life","Housing, landlords & apartment life",Madison Manor,whoever,,To whoever threw away the recyclable items that residents had collected over the past few weeks at Madison Manor Apartments.,To whoever threw away the recyclable items that residents had collected over the past few weeks at Madison Manor Apartments.
175,1992-01-16,1992,Spring,1991–1999,DART,-1,dart / criticism,🎯,0.41,"Streets, traffic & pedestrian safety","Streets, traffic & pedestrian safety | Campus edge, construction & expansion | Civic identity, media & reputation",,all the local train engineers,,"An incosiderate dart to all the local train engineers who decide to check the reverse gears on their engines while blocking the railroad crossing behind Anthony-Seeger. Actually,…","An incosiderate dart to all the local train engineers who decide to check the reverse gears on their engines while blocking the railroad crossing behind Anthony-Seeger. Actually, we know it's necessary for taking care of train ""things,"" but seeing an engineer with his head out the window, looking backwards and saying ""wheeee"" is enough to make anyone snap while waiting to cross."
191,1992-01-27,1992,Spring,1991–1999,DART,-1,dart / criticism,🎯,0.49,"Police, public safety & city services","Streets, traffic & pedestrian safety | Parking, towing & cars | Police, public safety & city services | Weather, environment & infrastructure",Harrisonburg | City of Harrisonburg,the City of Harrisonburg,,"But a slacker dart to the city of Harrisonburg for taking so long to get the snow plows out! Cars were sliding all over the road, people were stranded and pissed off!","But a slacker dart to the city of Harrisonburg for taking so long to get the snow plows out! Cars were sliding all over the road, people were stranded and pissed off!"
205,1992-02-03,1992,Spring,1991–1999,DART,-1,dart / criticism,🎯,0.38,"Neighbors, parties & student behavior","Neighbors, parties & student behavior | Campus edge, construction & expansion",,all the meatheads,someone,"A brain-dead dart to all the meatheads who stand their big burly selves at the door of an off-campus party and assault newcomers with the words, ""You got a buck?"" Sent in by someo…","A brain-dead dart to all the meatheads who stand their big burly selves at the door of an off-campus party and assault newcomers with the words, ""You got a buck?"" Sent in by someone who wanted no beer but was still verbally attacked by some thug with a single-digit IQ."
221,1992-02-13,1992,Spring,1991–1999,DART,-1,dart / criticism,🎯,0.45,"Streets, traffic & pedestrian safety","Streets, traffic & pedestrian safety | Police, public safety & city services | Campus edge, construction & expansion",JMU | Harrisonburg Police | Campus Police / Public Safety,the JMU police officer,pedestrian Cathi Stillman,An annoyed dart to the JMU police officer who completely ignored the pedestrian yield light in front of Anthony-Seeger as I was crossing the street. It's bad enough nobody else st…,"An annoyed dart to the JMU police officer who completely ignored the pedestrian yield light in front of Anthony-Seeger as I was crossing the street. It's bad enough nobody else stops, but come on! Sent in by pedestrian Cathi Stillman."
245,1992-02-27,1992,Spring,1991–1999,DART,-1,dart / criticism,🎯,0.37,Community service & mutual aid,"Community service & mutual aid | Civic identity, media & reputation",,the Duke Dog,someone,A mean ol' dart to the Duke Dog for only sporadically appearing at the women's basketball games. Some community children come to games just to see the big furry guy. Sent in by so…,A mean ol' dart to the Duke Dog for only sporadically appearing at the women's basketball games. Some community children come to games just to see the big furry guy. Sent in by someone who has seen sad eyes.
268,1992-03-23,1992,Spring,1991–1999,PAT,1,pat / praise,👏,0.5,Community service & mutual aid,Community service & mutual aid,JMU | Mercy House,WXJM,,"A real cool pat to WXJM for sponsoring Cool Aid, a unique showcase of JMU bands that benefited Mercy House. And much thanks to Johnnies Heritage, Succotash, the Dave Matthews Band…","A real cool pat to WXJM for sponsoring Cool Aid, a unique showcase of JMU bands that benefited Mercy House. And much thanks to Johnnies Heritage, Succotash, the Dave Matthews Band, Cillia, Dancecrashers and the Cicada for contributing their talent."
274,1992-03-26,1992,Spring,1991–1999,PAT,1,pat / praise,👏,0.42,Community service & mutual aid,"Community service & mutual aid | Weather, environment & infrastructure",JMU,the members,a concerned individual,"A great big pat for the members of JMU's Animal Rights Coalition protesting the use of donkeys in a ""donkey basketball"" game at Broadway High School. Animals were not put on this…","A great big pat for the members of JMU's Animal Rights Coalition protesting the use of donkeys in a ""donkey basketball"" game at Broadway High School. Animals were not put on this Earth to be abused. Sent in by a concerned individual."
308,1992-04-13,1992,Spring,1991–1999,PAT,1,pat / praise,👏,0.44,"Civic identity, media & reputation","Community service & mutual aid | Civic identity, media & reputation",,the members,Rhonda Cunningham,To the members of the predominately black Greek letter organization for all the community service work that we do that sometimes seems to go unrecognized by our peers. Though we a…,"To the members of the predominately black Greek letter organization for all the community service work that we do that sometimes seems to go unrecognized by our peers. Though we are service organizations and we do things to give back to the community, it's nice to know that we are appreciated. Sent in by Rhonda Cunningham, a member of the Sigma Gamma Rho Sorority Inc."
313,1992-04-16,1992,Spring,1991–1999,DART,-1,dart / criticism,🎯,0.43,"Neighbors, parties & student behavior","Neighbors, parties & student behavior | Downtown, arts & events | Campus edge, construction & expansion | Civic identity, media & reputation",,the stadium,the Alpha Sigma Tau house,To the stadium for playing obnoxiously loud music over the PA system early Sunday morning for field hockey practice. We appreciate the need for entertainment but you disturbed the…,"To the stadium for playing obnoxiously loud music over the PA system early Sunday morning for field hockey practice. We appreciate the need for entertainment but you disturbed the Lake area, the Row and the surrounding community. Next time, bring a box. Sent in by the Alpha Sigma Tau house."
342,1992-09-17,1992,Fall,1991–1999,PAT,1,pat / praise,👏,0.37,Community service & mutual aid,Community service & mutual aid,Harrisonburg | Mercy House,the brothers,,"To the brothers of Alpha Kappa Lambda for doing a fundraiser on the commons for Mercy House, a homeless shelter in Harrisonburg. It takes patience to shout into a microphone as pe…","To the brothers of Alpha Kappa Lambda for doing a fundraiser on the commons for Mercy House, a homeless shelter in Harrisonburg. It takes patience to shout into a microphone as people pass aimlessly by, oblivious to the needs of others."
346,1992-09-21,1992,Fall,1991–1999,PAT,1,pat / praise,👏,0.48,"Transit, buses & mobility","Transit, buses & mobility",Harrisonburg | JMU | Harrisonburg Transit,the Harrisonburg Bus Transit System,a student,To the Harrisonburg Bus Transit System. Thank you for your great service to the public and especially JMU students. The new bus schedules are awesome. Sent in by a student who par…,To the Harrisonburg Bus Transit System. Thank you for your great service to the public and especially JMU students. The new bus schedules are awesome. Sent in by a student who participated in a public relations project analyzing the effectiveness of the bus system.
390,1992-10-15,1992,Fall,1991–1999,PAT,1,pat / praise,👏,0.41,Community service & mutual aid,"Housing, landlords & apartment life | Downtown, arts & events | Community service & mutual aid | Civic identity, media & reputation",,the residents,the events organizers,"A huge pat of thanks and congratulations to the residents, parents and staff of the Village Area for helping raise $700 during the ""How much is the Village sidewalk worth?"" fundra…","A huge pat of thanks and congratulations to the residents, parents and staff of the Village Area for helping raise $700 during the ""How much is the Village sidewalk worth?"" fundraising campaign. The money will go to the Community Mediation Center's ""Your place after school"" program for local children. Sent in by the events organizers."
388,1992-10-15,1992,Fall,1991–1999,PAT,1,pat / praise,👏,0.42,Community service & mutual aid,Community service & mutual aid,JMU | Mercy House,JMU's social fraternities and sororities,,"A pat to JMU's social fraternities and sororities who raised over $17,550 in the last year for their respective philanthropies. Mercy House came out the big winner with over $4,00…","A pat to JMU's social fraternities and sororities who raised over $17,550 in the last year for their respective philanthropies. Mercy House came out the big winner with over $4,000 directly from JMU student efforts."
402,1992-10-22,1992,Fall,1991–1999,PAT,1,pat / praise,👏,0.42,"Police, public safety & city services","Police, public safety & city services | Civic identity, media & reputation",,the Student Government Association,the Capital District Circle K board of officers,A generous pat to the Student Government Association for donating unsold and unclaimed books from the SGA book sale to Circle K International for use in local literacy programs. S…,A generous pat to the Student Government Association for donating unsold and unclaimed books from the SGA book sale to Circle K International for use in local literacy programs. Sent in by the Capital District Circle K board of officers.
407,1992-10-29,1992,Fall,1991–1999,DART,-1,dart / criticism,🎯,0.45,"Parking, towing & cars","Parking, towing & cars | Housing, landlords & apartment life | Local businesses & restaurants | Campus edge, construction & expansion",,those students,those,"A highly annoying dart to those students who insist on parking in the private parking lot next to ""The Pit,"" across from Anthony Seeger. For those residents who would like to occa…","A highly annoying dart to those students who insist on parking in the private parking lot next to ""The Pit,"" across from Anthony Seeger. For those residents who would like to occasionally leave their apartments, it is quite a painstaking process to maneuver around the non-resident cars to find a parking space upon returning. Note: the sign does say ""Towing enforced at owner's expense."" Sent in by those who do not enjoy driving across their own lawn."
412,1992-11-05,1992,Fall,1991–1999,PAT,1,pat / praise,👏,0.43,"Neighbors, parties & student behavior","Neighbors, parties & student behavior | Community service & mutual aid | Civic identity, media & reputation",Harrisonburg | Rockingham County,all the members,Kathleen Beer,The Association for Retarded Citizens — Harrisonburg/Rockingham would like to say thank you to all the members of the Council for Exceptional Children and Zeta Tau Alpha for the w…,"The Association for Retarded Citizens — Harrisonburg/Rockingham would like to say thank you to all the members of the Council for Exceptional Children and Zeta Tau Alpha for the wonderful Halloween party they gave for special needs persons in our community. Sent in by Kathleen Beer, executive director of the Association for Retarded Citizens."
426,1992-11-12,1992,Fall,1991–1999,PAT,1,pat / praise,👏,0.37,Community service & mutual aid,"Streets, traffic & pedestrian safety | Local businesses & restaurants | Community service & mutual aid",Salvation Army,the Delta Sigma Pi and Alpha Phi Alpha fraternities,,A hearty pat to the Delta Sigma Pi and Alpha Phi Alpha fraternities for sponsoring the countywide Feed The Hungry Food Drive to raise money and collect canned goods for Salvation…,A hearty pat to the Delta Sigma Pi and Alpha Phi Alpha fraternities for sponsoring the countywide Feed The Hungry Food Drive to raise money and collect canned goods for Salvation Army's Thanksgiving projects.
430,1992-11-16,1992,Fall,1991–1999,PAT,1,pat / praise,👏,0.48,"Downtown, arts & events","Downtown, arts & events | Community service & mutual aid | Campus edge, construction & expansion",Harrisonburg | Rockingham County | JMU,the JMU campus cadets and members,Margo Kwalek and Bill Holt,To the JMU campus cadets and members of the Phi Beta Sigma Fraternity for their hours of service during our recent Jail and Bail fund-raising event. It is only through the coopera…,"To the JMU campus cadets and members of the Phi Beta Sigma Fraternity for their hours of service during our recent Jail and Bail fund-raising event. It is only through the cooperation and support of volunteers such as you that this event is possible. To date, we have raised nearly $12,000 to go toward funding programs of cancer research, education and patient services. Sent in by Margo Kwalek and Bill Holt, co-chairs of the Jail and Bail fundraising event for the Harrisonburg/Rockingham unit of the American Cancer Society."
446,1992-11-23,1992,Fall,1991–1999,PAT,1,pat / praise,👏,0.4,Community service & mutual aid,"Community service & mutual aid | Civic identity, media & reputation",JMU | Salvation Army,the Student Ambassadors and the Salvation Army,,To the Student Ambassadors and the Salvation Army for sponsoring Operation Santa Claus for local needy children. The operation gives JMU students the chance to put a little back i…,To the Student Ambassadors and the Salvation Army for sponsoring Operation Santa Claus for local needy children. The operation gives JMU students the chance to put a little back into our community by buying presents to give to children who would otherwise not get anything on Christmas morning.
472,1993-01-21,1993,Spring,1991–1999,PAT,1,pat / praise,👏,0.37,"Parking, towing & cars","Parking, towing & cars",,all students,,A big pat to all students who participated in Phi Beta Sigma and Kappa Alpha Psi's car smash on the commons to raise funds for the United Way. Sent in anonymously.,A big pat to all students who participated in Phi Beta Sigma and Kappa Alpha Psi's car smash on the commons to raise funds for the United Way. Sent in anonymously.
481,1993-01-25,1993,Spring,1991–1999,DART,-1,dart / criticism,🎯,0.42,"Transit, buses & mobility","Transit, buses & mobility | Weather, environment & infrastructure",Harrisonburg | JMU | Harrisonburg Transit,the JMU administration,,"A frigid, freezing, slickery dart to the JMU administration for not canceling morning classes on Thursday due to the severely inclement weather. Most students found it difficult t…","A frigid, freezing, slickery dart to the JMU administration for not canceling morning classes on Thursday due to the severely inclement weather. Most students found it difficult to get down their front sidewalks without becoming one with the cement much less walking all the way to class. If the conditions were bad enough to close sections of I-81, I-64 and the Harrisonburg Transit system, classes should have been canceled."
484,1993-01-28,1993,Spring,1991–1999,PAT,1,pat / praise,👏,0.47,Community service & mutual aid,Community service & mutual aid,,Alpha Phi Omega,Laura Early,To Alpha Phi Omega for all its hard work on our February Residential Campaign. There really was no way we could have done it without them. A special thanks to Cathy Hamlin at the…,"To Alpha Phi Omega for all its hard work on our February Residential Campaign. There really was no way we could have done it without them. A special thanks to Cathy Hamlin at the Center for Service Learning for her work in bringing Alpha Phi Omega to us. Each and every member of Alpha Phi Omega deserves a special thanks! Sent in by Laura Early, administrative assistant at the American Heart Association."
514,1993-02-15,1993,Spring,1991–1999,PAT,1,pat / praise,👏,0.4,Other town-gown moments,,Rockingham County,the buildings and groups people and anyone else,anonymous,A sincere pat to the buildings and grounds people and anyone else responsible for the new light posts from Rockingham Memorial Hospital to Wine-Price Hall. Thanks for your concern…,A sincere pat to the buildings and grounds people and anyone else responsible for the new light posts from Rockingham Memorial Hospital to Wine-Price Hall. Thanks for your concern. Sent in anonymously.
523,1993-02-18,1993,Spring,1991–1999,DART,-1,dart / criticism,🎯,0.38,"Weather, environment & infrastructure","Weather, environment & infrastructure",,all the area meteorologists and weather gurus,,A frigid dart to all the area meteorologists and weather gurus who proclaimed Monday night that a large winter storm was barreling down on the Shenandoah Valley and large amounts…,"A frigid dart to all the area meteorologists and weather gurus who proclaimed Monday night that a large winter storm was barreling down on the Shenandoah Valley and large amounts of snow were imminent. Thousands of dreary-eyed, disappointed students awoke Tuesday morning only to trudge to class muttering obscenities as the rain pelted their faces."
537,1993-03-01,1993,Spring,1991–1999,DART,-1,dart / criticism,🎯,0.37,"Streets, traffic & pedestrian safety","Streets, traffic & pedestrian safety | Campus edge, construction & expansion",Port Republic Road,the construction effort,,"A dusty dart to the construction effort on Port Republic Road. One has to ask, ""How much worse could the traffic congestion get?"" The answer is none. Sent in anonymously.","A dusty dart to the construction effort on Port Republic Road. One has to ask, ""How much worse could the traffic congestion get?"" The answer is none. Sent in anonymously."
544,1993-03-04,1993,Spring,1991–1999,PAT,1,pat / praise,👏,0.43,Other town-gown moments,,,Alpha Phi Omega,the Association for Retarded Citizens,To Alpha Phi Omega for all your help at our Teenage/Adult Canteens! Our clients really love Canteen. We truly appreciate all the time and effort you have given to be a special par…,To Alpha Phi Omega for all your help at our Teenage/Adult Canteens! Our clients really love Canteen. We truly appreciate all the time and effort you have given to be a special part of another person's life. Sent in by the Association for Retarded Citizens.
550,1993-03-19,1993,Spring,1991–1999,PAT,1,pat / praise,👏,0.39,"Weather, environment & infrastructure","Campus edge, construction & expansion | Weather, environment & infrastructure",Harrisonburg | JMU,the university,,A responsible pat to the university for canceling classes Monday and Tuesday when the blizzard of 1993 struck Harrisonburg. Taking the time to clear off some of the snow and ice f…,"A responsible pat to the university for canceling classes Monday and Tuesday when the blizzard of 1993 struck Harrisonburg. Taking the time to clear off some of the snow and ice from the walkways and highways saved many students from sliding to class, and might have saved someone's life. Also a pat to the professors who adjusted their class schedules fairly to account for the snow days."
580,1993-04-05,1993,Spring,1991–1999,PAT,1,pat / praise,👏,0.49,Community service & mutual aid,Community service & mutual aid,Harrisonburg | Rockingham County,"Cillia, Psuede Farm, Burma Jam, Eddie","Ohio, Afrikan Drum Fest, Damn Near Red and everybody","A generous pat to Cillia, Psuede Farm, Burma Jam, Eddie From Ohio, Afrikan Drum Fest, Damn Near Red and everybody who helped pull together WXJM's second annual Cool Aid. All of th…","A generous pat to Cillia, Psuede Farm, Burma Jam, Eddie From Ohio, Afrikan Drum Fest, Damn Near Red and everybody who helped pull together WXJM's second annual Cool Aid. All of the groups performed for free, more than 700 people attended and over $2,000 was raised. The money will go to the Harrisonburg-Rockingham Free Clinic, which provides health and human services to people who don't have the financial resources to pay for them."
590,1993-04-08,1993,Spring,1991–1999,PAT,1,pat / praise,👏,0.4,Community service & mutual aid,"Community service & mutual aid | Campus edge, construction & expansion | Civic identity, media & reputation",,"the Center for Service Learning, the Health Center and the bluestone area community service representatives",,"To the Center for Service Learning, the Health Center and the bluestone area community service representatives for sponsoring the ""Great Egg Hunt"" for local children on the Quad y…","To the Center for Service Learning, the Health Center and the bluestone area community service representatives for sponsoring the ""Great Egg Hunt"" for local children on the Quad yesterday. Sent in anonymously."
594,1993-04-15,1993,Spring,1991–1999,PAT,1,pat / praise,👏,0.41,"Downtown, arts & events","Streets, traffic & pedestrian safety | Downtown, arts & events | Civic identity, media & reputation",JMU,the JMU Orchestra,"Mandy Lambert, Wendy Driver and Mrs Hilt's fourth grade class","To the JMU Orchestra for the free concert they offered to local elementary schools. The music was like magic. We loved the song ""Mars."" We also liked Schubert's ""Unfinished Sympho…","To the JMU Orchestra for the free concert they offered to local elementary schools. The music was like magic. We loved the song ""Mars."" We also liked Schubert's ""Unfinished Symphony."" We liked how you had some people play the instruments individually. Sent in by Mandy Lambert, Wendy Driver and Mrs. Hilt's fourth grade class."
606,1993-04-22,1993,Spring,1991–1999,PAT,1,pat / praise,👏,0.37,"Campus edge, construction & expansion","Streets, traffic & pedestrian safety | Transit, buses & mobility | Campus edge, construction & expansion",Main Street | Harrisonburg Transit,whoever,,To whoever decided to finally put a mailbox on campus near the Godwin bus stop. Now all we need is a mailbox near Anthony-Seeger Hall so we don't have to play Frogger across Main…,To whoever decided to finally put a mailbox on campus near the Godwin bus stop. Now all we need is a mailbox near Anthony-Seeger Hall so we don't have to play Frogger across Main Street to mail our tuition checks.
614,1993-04-26,1993,Spring,1991–1999,PAT,1,pat / praise,👏,0.4,Community service & mutual aid,Community service & mutual aid,Harrisonburg,the Eagle Hall Council and all the other organizations,,A charitable pat to the Eagle Hall Council and all the other organizations who helped put together Lake Quake on Saturday. Also a pat to all the students who emptied their wallets…,"A charitable pat to the Eagle Hall Council and all the other organizations who helped put together Lake Quake on Saturday. Also a pat to all the students who emptied their wallets and stuffed their faces at Lake Quake, raising money for Harrisonburg Big Brothers/Big Sisters."
623,1993-09-02,1993,Fall,1991–1999,DART,-1,dart / criticism,🎯,0.4,"Streets, traffic & pedestrian safety","Streets, traffic & pedestrian safety | Campus edge, construction & expansion",Port Republic Road,the eternal construction,,"A torn-up dart for the eternal construction along Port Republic Road. This road work has tied up traffic, made for unsafe walking and biking areas and forced some students to deal…","A torn-up dart for the eternal construction along Port Republic Road. This road work has tied up traffic, made for unsafe walking and biking areas and forced some students to deal with gawking construction workers for too long."
643,1993-09-23,1993,Fall,1991–1999,DART,-1,dart / criticism,🎯,0.37,"Neighbors, parties & student behavior","Police, public safety & city services | Housing, landlords & apartment life | Neighbors, parties & student behavior",,Dick,the residents,See Jane give a party. See police bust Jane's party. See Jane talk to police. Then see Dick steal Jane's tap. Don't be a Dick. Give back Jane's tap. Sent in by the residents of 83…,See Jane give a party. See police bust Jane's party. See Jane talk to police. Then see Dick steal Jane's tap. Don't be a Dick. Give back Jane's tap. Sent in by the residents of 835 Forest Hills.
648,1993-09-30,1993,Fall,1991–1999,PAT,1,pat / praise,👏,0.4,Community service & mutual aid,"Police, public safety & city services | Community service & mutual aid | Civic identity, media & reputation",Harrisonburg | Rockingham County,the members,the United Way of Harrisonburg and Rockingham County,"To the members of Alpha Phi Omega for their volunteer efforts on the Day of Caring. The balloons made the room more decorative for the occasion, and the refreshments provided a mu…","To the members of Alpha Phi Omega for their volunteer efforts on the Day of Caring. The balloons made the room more decorative for the occasion, and the refreshments provided a much needed service for the picnic. Sent in by the United Way of Harrisonburg and Rockingham County."
670,1993-10-28,1993,Fall,1991–1999,PAT,1,pat / praise,👏,0.43,Community service & mutual aid,"Community service & mutual aid | Civic identity, media & reputation",,the people,C. Bryan Kempton,"To the people who donated their spare change to the ""How Much Is The Sidewalk Worth?"" fund-raiser on Oct. 16. We raised $1,150 for IMPACT, a local organization that helps families…","To the people who donated their spare change to the ""How Much Is The Sidewalk Worth?"" fund-raiser on Oct. 16. We raised $1,150 for IMPACT, a local organization that helps families in the areas of education and life management skills. Sent in by C. Bryan Kempton."
678,1993-11-08,1993,Fall,1991–1999,PAT,1,pat / praise,👏,0.46,Other town-gown moments,,Harrisonburg,all of the people,Alpha Phi Omega,To all of the people who made HIV/AIDS Awareness Week possible. Please remember that the condoms are a preventive measure if you decide to be sexually active. The only 100 percent…,"To all of the people who made HIV/AIDS Awareness Week possible. Please remember that the condoms are a preventive measure if you decide to be sexually active. The only 100 percent-effective method is abstinence. For a free, anonymous HIV test, call the Harrisonburg Testing Site at 432-6404. Sent in by Alpha Phi Omega."
686,1993-11-11,1993,Fall,1991–1999,PAT,1,pat / praise,👏,0.38,Community service & mutual aid,"Police, public safety & city services | Community service & mutual aid",Rockingham County,Alpha Phi Omega,Rockingham County Social Services,To Alpha Phi Omega for helping with child care during our latest foster care training. The children really enjoyed the time you spent with them. Your timely arrival and assistance…,To Alpha Phi Omega for helping with child care during our latest foster care training. The children really enjoyed the time you spent with them. Your timely arrival and assistance in cleaning up afterwards greatly aided in the time we were able to give to the foster parent training. Sent in by Rockingham County Social Services.
697,1993-12-02,1993,Fall,1991–1999,DART,-1,dart / criticism,🎯,0.38,"Police, public safety & city services","Police, public safety & city services",Harrisonburg Police,the Virginia state police officer,two tired R.A.'s,A motorist-in-distress dart to the Virginia state police officer who watched and proceeded to yell at two clueless but determined students as they attempted to change a blown-out…,A motorist-in-distress dart to the Virginia state police officer who watched and proceeded to yell at two clueless but determined students as they attempted to change a blown-out tire on I-81 last Wednesday while trying to get home for Thanksgiving. Sent in by two tired R.A.'s who were just trying to make it home for the holiday.
701,1993-12-09,1993,Fall,1991–1999,DART,-1,dart / criticism,🎯,0.38,"Neighbors, parties & student behavior","Housing, landlords & apartment life | Neighbors, parties & student behavior",Hunter's Ridge,the drunken fool,someone,To the drunken fool who smashed my back windshield with a beer bottle at Hunter's Ridge. That's $500 that could have gone towards rehabilitating you and your alcohol problem. Sent…,To the drunken fool who smashed my back windshield with a beer bottle at Hunter's Ridge. That's $500 that could have gone towards rehabilitating you and your alcohol problem. Sent in by someone who has enough common sense and respect not to damage other people's property.
717,1994-02-03,1994,Spring,1991–1999,DART,-1,dart / criticism,🎯,0.43,"Streets, traffic & pedestrian safety","Streets, traffic & pedestrian safety | Neighbors, parties & student behavior",Main Street,the guys,two harassed joggers,"A look-in-the-mirror dart to the guys on the TKE porch who encouraged us on our jog by shouting ""fat bitch"" as we made our way down Main Street. Put your beer down, come run with…","A look-in-the-mirror dart to the guys on the TKE porch who encouraged us on our jog by shouting ""fat bitch"" as we made our way down Main Street. Put your beer down, come run with us and then maybe we'll talk. Sent in by two harassed joggers who were doing their best."
738,1994-02-24,1994,Spring,1991–1999,PAT,1,pat / praise,👏,0.43,"Downtown, arts & events","Downtown, arts & events",Harrisonburg,Alpha Phi Omega,Betty N,A generous pat to Alpha Phi Omega for supporting hearing and speech-impaired persons with their contribution of $456.54 to the Quota Club of Harrisonburg. We appreciate their help…,"A generous pat to Alpha Phi Omega for supporting hearing and speech-impaired persons with their contribution of $456.54 to the Quota Club of Harrisonburg. We appreciate their help and want to show our sincere appreciation. Sent in by Betty N. Simmons, Quota Club secretary."
744,1994-03-17,1994,Spring,1991–1999,PAT,1,pat / praise,👏,0.48,Community service & mutual aid,"Streets, traffic & pedestrian safety | Community service & mutual aid | Civic identity, media & reputation",,the 17 organizations,the Community Service Committee of the Black Student Alliance,A grateful pat to the 17 organizations that responded and donated to the BSA drive for funds to purchase culturally diverse educational books for the children of Your Place After…,"A grateful pat to the 17 organizations that responded and donated to the BSA drive for funds to purchase culturally diverse educational books for the children of Your Place After School. Thanks for not thinking that ""multiculturalism has gone too far."" Sent in by the Community Service Committee of the Black Student Alliance."
771,1994-04-11,1994,Spring,1991–1999,DART,-1,dart / criticism,🎯,0.38,"Police, public safety & city services","Police, public safety & city services",Harrisonburg | Harrisonburg Police,the Harrisonburg Police Department,Laurie Christiana,"A fatal ""Rambo"" dart to the Harrisonburg Police Department for the April 4th shooting (and killing) of Mexican immigrant Chavez-Gaona between the eyes. Yes, he needed to be brough…","A fatal ""Rambo"" dart to the Harrisonburg Police Department for the April 4th shooting (and killing) of Mexican immigrant Chavez-Gaona between the eyes. Yes, he needed to be brought under control. Yes, he probably needed to be shot and wounded. But no, he didn't deserve to be killed. Sent in by Laurie Christiana."
798,1994-04-25,1994,Spring,1991–1999,PAT,1,pat / praise,👏,0.45,Community service & mutual aid,"Housing, landlords & apartment life | Community service & mutual aid",JMU,the faculty and students,Spotswood Elementary School,"A thankful pat to the faculty and students from APO Fraternity, Center for Service-Learning, JMU and EMC for the outstanding commitment to our school this year in the form of tuto…","A thankful pat to the faculty and students from APO Fraternity, Center for Service-Learning, JMU and EMC for the outstanding commitment to our school this year in the form of tutoring, maintenance, babysitting and helping out with our Fun Day. Sent in by Spotswood Elementary School."
806,1994-04-28,1994,Spring,1991–1999,PAT,1,pat / praise,👏,0.46,Community service & mutual aid,"Community service & mutual aid | Civic identity, media & reputation",,"Circle K, CS-L, APO, Council",the director of the Association for Retarded Citizens,"A sincere thank-you pat to Circle K, CS-L, APO, Council for Exceptional Children, Sigma Sigma Sigma, Zeta Tau Alpha and National Student Speech-Language-Hearing Association who so…","A sincere thank-you pat to Circle K, CS-L, APO, Council for Exceptional Children, Sigma Sigma Sigma, Zeta Tau Alpha and National Student Speech-Language-Hearing Association who so generously volunteered their time and talents to activities serving local persons with mental retardation. Sent in by the director of the Association for Retarded Citizens."
824,1994-09-05,1994,Fall,1991–1999,PAT,1,pat / praise,👏,0.42,"Police, public safety & city services","Police, public safety & city services",Harrisonburg | Harrisonburg Police,the Harrisonburg police officer,someone,A thanks-for-understanding pat to the Harrisonburg police officer who pulled me over on my bike and opted not to give me a ticket after I had cut him off. Sent in by someone who p…,A thanks-for-understanding pat to the Harrisonburg police officer who pulled me over on my bike and opted not to give me a ticket after I had cut him off. Sent in by someone who promises to bike more safely next time.
829,1994-09-08,1994,Fall,1991–1999,DART,-1,dart / criticism,🎯,0.42,"Parking, towing & cars","Streets, traffic & pedestrian safety | Parking, towing & cars | Police, public safety & city services | Housing, landlords & apartment life",Hunter's Ridge,Hunter's Ridge,someone,A dart to Hunter's Ridge for giving less than a day's notice before towing cars from a very poorly marked fire lane. Sent in by someone whose friend was at work when the notices w…,A dart to Hunter's Ridge for giving less than a day's notice before towing cars from a very poorly marked fire lane. Sent in by someone whose friend was at work when the notices were posted and came home to find her car towed.
835,1994-09-12,1994,Fall,1991–1999,DART,-1,dart / criticism,🎯,0.37,"Civic identity, media & reputation","Police, public safety & city services | Campus edge, construction & expansion | Civic identity, media & reputation",Harrisonburg | City of Harrisonburg,the City of Harrisonburg,someone,A dart to the city of Harrisonburg for making the new jail the loveliest building in town. Sent in by someone who thinks this town could use more restaurants and bars and fewer ho…,A dart to the city of Harrisonburg for making the new jail the loveliest building in town. Sent in by someone who thinks this town could use more restaurants and bars and fewer holding facilities.
836,1994-09-12,1994,Fall,1991–1999,PAT,1,pat / praise,👏,0.37,"Streets, traffic & pedestrian safety","Streets, traffic & pedestrian safety",Main Street | Port Republic Road,whom it may concern,someone,A pat to whom it may concern for finally opening the turn lane from Main Street to Port Republic Road. Sent in by someone who was tired of waiting for a green light just to make a…,A pat to whom it may concern for finally opening the turn lane from Main Street to Port Republic Road. Sent in by someone who was tired of waiting for a green light just to make a right-hand turn.
857,1994-09-26,1994,Fall,1991–1999,DART,-1,dart / criticism,🎯,0.37,"Transit, buses & mobility","Streets, traffic & pedestrian safety | Transit, buses & mobility",Harrisonburg | Harrisonburg Transit,those Harrisonburg Transit buses,a normally macho freshman,"A hearty, slow-down-speedracer dart to those Harrisonburg Transit buses. Some of those buses drive too darn fast. I used to be macho. Please slow down. I'm scared. Sent in by a no…","A hearty, slow-down-speedracer dart to those Harrisonburg Transit buses. Some of those buses drive too darn fast. I used to be macho. Please slow down. I'm scared. Sent in by a normally macho freshman who is now a wimp."
860,1994-09-26,1994,Fall,1991–1999,PAT,1,pat / praise,👏,0.4,"Streets, traffic & pedestrian safety","Streets, traffic & pedestrian safety | Parking, towing & cars",Main Street,the lady,someone,A pat to the lady who spotted me pushing my bike and dragging a large painting down Main Street. She was kind enough to pack me and all of my stuff into her car and drive me home.…,"A pat to the lady who spotted me pushing my bike and dragging a large painting down Main Street. She was kind enough to pack me and all of my stuff into her car and drive me home. Sent in by someone who does not make a habit of hitch-hiking, but accepted the offer in her desperate and sweaty state."
872,1994-10-03,1994,Fall,1991–1999,PAT,1,pat / praise,👏,0.39,Community service & mutual aid,"Community service & mutual aid | Civic identity, media & reputation",,the Center,someone,A pat to the Center for Service-Learning for all the community work you do. A lot of people depend on your efforts. Sent in by someone who knows what it is to appreciate a helping…,A pat to the Center for Service-Learning for all the community work you do. A lot of people depend on your efforts. Sent in by someone who knows what it is to appreciate a helping hand.
882,1994-10-10,1994,Fall,1991–1999,PAT,1,pat / praise,👏,0.41,"Housing, landlords & apartment life","Streets, traffic & pedestrian safety | Housing, landlords & apartment life",,"Amy Slone, Laura Doyle and Brian Arnold",a grateful tenant,"A you-make-a-difference pat to Amy Slone, Laura Doyle and Brian Arnold at Ashby Crossing for their friendliness and excellent communication. You consistently demonstrate quality c…","A you-make-a-difference pat to Amy Slone, Laura Doyle and Brian Arnold at Ashby Crossing for their friendliness and excellent communication. You consistently demonstrate quality customer service by respecting the needs of tenants. Sent in by a grateful tenant who has had to deal with too many impossible landlords."
894,1994-10-17,1994,Fall,1991–1999,PAT,1,pat / praise,👏,0.4,Community service & mutual aid,Community service & mutual aid,Mercy House,the big-hearted guy and girl,the sisters of Alpha Sigma Alpha and the brothers of Sigma Pi,A warm fuzzy pat to the big-hearted guy and girl who FLEX-ed coffee and chips for us while we were camped out on the commons for Mercy House. Sent in by the sisters of Alpha Sigma…,A warm fuzzy pat to the big-hearted guy and girl who FLEX-ed coffee and chips for us while we were camped out on the commons for Mercy House. Sent in by the sisters of Alpha Sigma Alpha and the brothers of Sigma Pi who might not have survived the sub-zero temperatures otherwise.
903,1994-10-24,1994,Fall,1991–1999,DART,-1,dart / criticism,🎯,0.42,"Streets, traffic & pedestrian safety","Streets, traffic & pedestrian safety | Campus edge, construction & expansion",,the insane drivers,someone,A thanks-for-almost-squashing-me dart to the insane drivers who speed across the crosswalk in front of Anthony-Seeger. Don't you idiots know that pedestrians have the right of way…,A thanks-for-almost-squashing-me dart to the insane drivers who speed across the crosswalk in front of Anthony-Seeger. Don't you idiots know that pedestrians have the right of way? Sent in by someone who has tire marks on her tennis shoes.
912,1994-11-10,1994,Fall,1991–1999,PAT,1,pat / praise,👏,0.48,Other town-gown moments,,,"the Lambda Chi Alpha, the members of Circle K, Alpha Phi Omega and the Center",Diana McGuire,"A big thank-you pat to the Lambda Chi Alpha, the members of Circle K, Alpha Phi Omega and the Center for Service-Learning for making the Citizens Against Sexual Assault 5K run a g…","A big thank-you pat to the Lambda Chi Alpha, the members of Circle K, Alpha Phi Omega and the Center for Service-Learning for making the Citizens Against Sexual Assault 5K run a great success. Sent in by Diana McGuire, direct services coordinator of CASA."
937,1994-12-01,1994,Fall,1991–1999,DART,-1,dart / criticism,🎯,0.41,"Housing, landlords & apartment life","Housing, landlords & apartment life | Campus edge, construction & expansion",,"the well-trained, low-life dirtballs",off-campus residents,"A next-time-we'll-be-waiting-with-baseball-bats dart to the well-trained, low-life dirtballs who pulled a Goldilocks and invaded our house while we were away eating turkey. May yo…","A next-time-we'll-be-waiting-with-baseball-bats dart to the well-trained, low-life dirtballs who pulled a Goldilocks and invaded our house while we were away eating turkey. May you choke and die on the fettuccini you stole from our pantry. Sent in by off-campus residents who are tired of listening to the one compact disc you graciously forgot to pilfer."
943,1994-12-05,1994,Fall,1991–1999,DART,-1,dart / criticism,🎯,0.38,"Streets, traffic & pedestrian safety","Streets, traffic & pedestrian safety | Parking, towing & cars | Campus edge, construction & expansion",Main Street,the cranky old man,someone,A dart to the cranky old man in the big white boat who nearly ran over a group of students crossing Main Street to get to Anthony-Seeger Hall. Sent in by someone who thrives on th…,A dart to the cranky old man in the big white boat who nearly ran over a group of students crossing Main Street to get to Anthony-Seeger Hall. Sent in by someone who thrives on the feeling of being scared to death and the wind of the passing car as it just missed her leg. Hope to see you again soon.
956,1995-01-12,1995,Spring,1991–1999,PAT,1,pat / praise,👏,0.37,"Campus edge, construction & expansion","Campus edge, construction & expansion",,the Center,somebody,A pat to the Center for Off-Campus Living for sending out coupon books for area services to needy students. Now we have enough money for our books. Sent in by somebody who is alwa…,A pat to the Center for Off-Campus Living for sending out coupon books for area services to needy students. Now we have enough money for our books. Sent in by somebody who is always thankful for getting free stuff.
951,1995-01-12,1995,Spring,1991–1999,DART,-1,dart / criticism,🎯,0.38,"Neighbors, parties & student behavior","Neighbors, parties & student behavior | Campus edge, construction & expansion",Harrisonburg,the area beer distributors,somebody,"A burning, 200-proof dart to the area beer distributors who decided to raise the price of kegs and take away Harrisonburg's most attractive social entity: cheap beer. Sent in by s…","A burning, 200-proof dart to the area beer distributors who decided to raise the price of kegs and take away Harrisonburg's most attractive social entity: cheap beer. Sent in by somebody who cringes at the thought of paying top dollar for the mass-produced swill that is imbibed both on and off campus."
972,1995-02-06,1995,Spring,1991–1999,PAT,1,pat / praise,👏,0.43,"Neighbors, parties & student behavior","Streets, traffic & pedestrian safety | Neighbors, parties & student behavior | Community service & mutual aid | Weather, environment & infrastructure",Port Republic Road,Candis and her friend,four drunk students,A pat to Candis and her friend who helped us up the treacherous mountain before we froze to death while lying in the snow beyond the guard rail on Port Republic Road. Sent in by f…,A pat to Candis and her friend who helped us up the treacherous mountain before we froze to death while lying in the snow beyond the guard rail on Port Republic Road. Sent in by four drunk students who were just trying to make it home last Saturday night.
978,1995-02-09,1995,Spring,1991–1999,PAT,1,pat / praise,👏,0.38,"Transit, buses & mobility","Streets, traffic & pedestrian safety | Transit, buses & mobility | Housing, landlords & apartment life | Campus edge, construction & expansion | Weather, environment & infrastructure",Harrisonburg | Harrisonburg Transit | Olde Mill,the Harrisonburg Transit bus drivers,somebody,A pat to the Harrisonburg Transit bus drivers for altering their bus routes to drop us off a little closer to home in this cold weather. Sent in by somebody who is glad they don't…,A pat to the Harrisonburg Transit bus drivers for altering their bus routes to drop us off a little closer to home in this cold weather. Sent in by somebody who is glad they don't have to walk from the bus stop at Olde Mill to their apartment at University Place with Jack Frost nipping away.
979,1995-02-09,1995,Spring,1991–1999,DART,-1,dart / criticism,🎯,0.41,"Neighbors, parties & student behavior","Neighbors, parties & student behavior",Harrisonburg,the person,some townies,A dart to the person who seeks some excitement in Harrisonburg. Two words: GO HOME! Sent in by some townies who kinda like it here.,A dart to the person who seeks some excitement in Harrisonburg. Two words: GO HOME! Sent in by some townies who kinda like it here.
984,1995-02-13,1995,Spring,1991–1999,PAT,1,pat / praise,👏,0.42,Community service & mutual aid,"Police, public safety & city services | Community service & mutual aid | Civic identity, media & reputation",Harrisonburg | JMU,"the Harrisonburg Fire Department, our friends, family and everyone else",the guys at 296 W,"A pat to the Harrisonburg Fire Department, our friends, family and everyone else in and out of the JMU community who have helped us through this tragedy. Sent in by the guys at 29…","A pat to the Harrisonburg Fire Department, our friends, family and everyone else in and out of the JMU community who have helped us through this tragedy. Sent in by the guys at 296 W. Market St. (the Far Away House)."
993,1995-02-20,1995,Spring,1991–1999,DART,-1,dart / criticism,🎯,0.43,"Transit, buses & mobility","Streets, traffic & pedestrian safety | Transit, buses & mobility",Harrisonburg | Harrisonburg Transit,bus drivers,a student with high carbon monoxide in his blood,An exhaust-spewing dart to bus drivers in Harrisonburg. I'm sick and tired of getting cut off and having black soot spit at me. I hope to run you all over one day. Sent in by a st…,An exhaust-spewing dart to bus drivers in Harrisonburg. I'm sick and tired of getting cut off and having black soot spit at me. I hope to run you all over one day. Sent in by a student with high carbon monoxide in his blood thanks to the Harrisonburg Transit.
1013,1995-03-02,1995,Spring,1991–1999,DART,-1,dart / criticism,🎯,0.37,Community service & mutual aid,Local businesses & restaurants | Community service & mutual aid,Mercy House,Mercy House's Granny Longlegs store,a disgusted former supporter,"A dart to Mercy House's Granny Longlegs store. Don't you know deceptive advertising and employment practices are wrong, if not illegal? Sent in by a disgusted former supporter.","A dart to Mercy House's Granny Longlegs store. Don't you know deceptive advertising and employment practices are wrong, if not illegal? Sent in by a disgusted former supporter."
1024,1995-03-20,1995,Spring,1991–1999,PAT,1,pat / praise,👏,0.48,Other town-gown moments,,,all the caring people,grateful ARC members,"A huge, compassionate pat to all the caring people who contributed to ARC's Gillette boycott. We collected more Gillette products than we ever dreamed and are now getting them rea…","A huge, compassionate pat to all the caring people who contributed to ARC's Gillette boycott. We collected more Gillette products than we ever dreamed and are now getting them ready to mail back. Thank you so much for telling Gillette that animals matter. Sent in by grateful ARC members."
764,1995-04-06,1995,Spring,1991–1999,PAT,1,pat / praise,👏,0.37,"Parking, towing & cars","Parking, towing & cars | Housing, landlords & apartment life | Neighbors, parties & student behavior",Hunter's Ridge,all the rangers,someone,A pat to all the rangers who chipped in the $60 I needed Friday night to get my car off the tow truck in the Hunter's Ridge parking lot. Sent in by someone who just loves rangers.,A pat to all the rangers who chipped in the $60 I needed Friday night to get my car off the tow truck in the Hunter's Ridge parking lot. Sent in by someone who just loves rangers.
1054,1995-04-13,1995,Spring,1991–1999,PAT,1,pat / praise,👏,0.5,Community service & mutual aid,"Downtown, arts & events | Community service & mutual aid",Downtown Harrisonburg,"Cillia, the second stage acts, student artists and everyone else",WXJM,"A pat to Cillia, the second stage acts, student artists and everyone else who helped WXJM raise $1,000 for Citizens For Downtown at the fourth Annual Cool Aid last Friday. Your ef…","A pat to Cillia, the second stage acts, student artists and everyone else who helped WXJM raise $1,000 for Citizens For Downtown at the fourth Annual Cool Aid last Friday. Your efforts are greatly appreciated. Sent in by WXJM."
1071,1995-04-27,1995,Spring,1991–1999,DART,-1,dart / criticism,🎯,0.38,"Streets, traffic & pedestrian safety","Streets, traffic & pedestrian safety",Main Street,those students,a redneck,A get-the-lead-out-of-your-ass dart to those students who amble across Main Street believing the crosswalk relieves them of any need to move at anything but a snail's pace. This a…,"A get-the-lead-out-of-your-ass dart to those students who amble across Main Street believing the crosswalk relieves them of any need to move at anything but a snail's pace. This ain't California, and some redneck with a lead foot is going to smack you. Sent in by a redneck who has had enough."
1084,1995-08-31,1995,Fall,1991–1999,PAT,1,pat / praise,👏,0.4,"Transit, buses & mobility","Transit, buses & mobility | Campus edge, construction & expansion",Harrisonburg | Harrisonburg Transit,bus route 6A,a student,An I'm-going-to-get-to-class-on-time pat to bus route 6A for not stopping at Forest Hills and making the ride to and from campus a lot shorter. Now there might be seats left when…,An I'm-going-to-get-to-class-on-time pat to bus route 6A for not stopping at Forest Hills and making the ride to and from campus a lot shorter. Now there might be seats left when the bus gets to Ashby. Sent in by a student who has learned to appreciate the Harrisonburg Transit.
1104,1995-09-11,1995,Fall,1991–1999,PAT,1,pat / praise,👏,0.39,Community service & mutual aid,"Community service & mutual aid | Civic identity, media & reputation",,all the students,someone,A helping-hand pat to all the students who participated in Saturday's Community Service Day. Thanks for coming out. Sent in by someone who is glad they don't do it just for the T-…,A helping-hand pat to all the students who participated in Saturday's Community Service Day. Thanks for coming out. Sent in by someone who is glad they don't do it just for the T-shirts.
1109,1995-09-14,1995,Fall,1991–1999,DART,-1,dart / criticism,🎯,0.4,"Housing, landlords & apartment life","Streets, traffic & pedestrian safety | Police, public safety & city services | Housing, landlords & apartment life | Neighbors, parties & student behavior",,the person,a student,A learn-how-to-drive dart to the person who knocked my motorcycle over in the Commons and then left Saturday night. It's nice to know my friends saw your license plate. Come see m…,A learn-how-to-drive dart to the person who knocked my motorcycle over in the Commons and then left Saturday night. It's nice to know my friends saw your license plate. Come see me in apartment H before I call the police. Sent in by a student who appreciates his friends.
1112,1995-09-14,1995,Fall,1991–1999,PAT,1,pat / praise,👏,0.41,"Weather, environment & infrastructure","Neighbors, parties & student behavior | Community service & mutual aid | Campus edge, construction & expansion | Civic identity, media & reputation | Weather, environment & infrastructure",,all those students,someone,A pat to all those students who volunteer their time during the weekend to improve the looks of the campus and the community. While some students litter the campus and some locals…,"A pat to all those students who volunteer their time during the weekend to improve the looks of the campus and the community. While some students litter the campus and some locals litter the streets and highways, you help to keep the area clean and beautiful. Sent in by someone who likes to enjoy walking around this city."
1115,1995-09-18,1995,Fall,1991–1999,DART,-1,dart / criticism,🎯,0.37,"Housing, landlords & apartment life","Housing, landlords & apartment life",Olde Mill,the money-grubbing management,a student,A dart to the money-grubbing management of Olde Mill for coming up with every BS excuse possible to keep my security deposit. Sent in by a student who will use her security-deposi…,A dart to the money-grubbing management of Olde Mill for coming up with every BS excuse possible to keep my security deposit. Sent in by a student who will use her security-deposit refund as a down payment on a pack of gum.
1157,1995-10-19,1995,Fall,1991–1999,DART,-1,dart / criticism,🎯,0.39,"Police, public safety & city services","Parking, towing & cars | Police, public safety & city services",Harrisonburg | Harrisonburg Police,the police officer,a bitter biker,An are-you-bored dart to the police officer who gave me a ticket for riding my bike on the sidewalk in Harrisonburg. My bike is definitely not a motor vehicle. Sent in by a bitter…,An are-you-bored dart to the police officer who gave me a ticket for riding my bike on the sidewalk in Harrisonburg. My bike is definitely not a motor vehicle. Sent in by a bitter biker.
1162,1995-10-23,1995,Fall,1991–1999,DART,-1,dart / criticism,🎯,0.4,"Streets, traffic & pedestrian safety","Streets, traffic & pedestrian safety | Neighbors, parties & student behavior",Main Street,the coward,someone,A death-wish dart to the coward who ran over my puppy on South Main Street last Saturday night and hit the gas instead of the brakes. Sent in by someone who hopes the next time yo…,"A death-wish dart to the coward who ran over my puppy on South Main Street last Saturday night and hit the gas instead of the brakes. Sent in by someone who hopes the next time you lose something you care about, you stare into the darkness and see me laughing at you."
1173,1995-10-30,1995,Fall,1991–1999,DART,-1,dart / criticism,🎯,0.38,"Streets, traffic & pedestrian safety","Streets, traffic & pedestrian safety | Campus edge, construction & expansion",,the cud-chewing poultry truck driver,a student,A tire-piercing dart to the cud-chewing poultry truck driver who nearly ran me over in the crosswalk in front of Anthony-Seeger Hall the other day. Sent in by a student who could…,A tire-piercing dart to the cud-chewing poultry truck driver who nearly ran me over in the crosswalk in front of Anthony-Seeger Hall the other day. Sent in by a student who could feel the hot breath of those squirming chickens on his face as his life flashed before his eyes.
1181,1995-11-02,1995,Fall,1991–1999,PAT,1,pat / praise,👏,0.43,Community service & mutual aid,"Community service & mutual aid | Civic identity, media & reputation",JMU | Mercy House,Sigma Pi Fraternity and the JMU community,Mercy House and Alpha Sigma Alpha sorority,"A we-could-not-have-done-it-without-you pat to Sigma Pi Fraternity and the JMU community. Thank you for helping us raise $1,300 for Mercy House last week. We had a lot of fun and…","A we-could-not-have-done-it-without-you pat to Sigma Pi Fraternity and the JMU community. Thank you for helping us raise $1,300 for Mercy House last week. We had a lot of fun and made some families very happy this October. You all are the best. Sent in by Mercy House and Alpha Sigma Alpha sorority."
1182,1995-11-02,1995,Fall,1991–1999,PAT,1,pat / praise,👏,0.45,"Neighbors, parties & student behavior","Neighbors, parties & student behavior",Harrisonburg,the late-night skateborder,a student,A big pat and hug to the late-night skateboarder Friday night. Concern from a stranger is sometimes the best kind. Thanks for asking; it made a real difference. Sent in by a stude…,"A big pat and hug to the late-night skateboarder Friday night. Concern from a stranger is sometimes the best kind. Thanks for asking; it made a real difference. Sent in by a student who loves Harrisonburg for its friendly, caring people."
1196,1995-11-13,1995,Fall,1991–1999,PAT,1,pat / praise,👏,0.39,"Housing, landlords & apartment life","Housing, landlords & apartment life",,Dr. Craig Smith,the ever-so-thankful tenants,A thank-you-for-everything pat to Dr. Craig Smith. You are the best landlord a bunch of students could ever have. Sent in by the ever-so-thankful tenants of 635 S. Main St.,A thank-you-for-everything pat to Dr. Craig Smith. You are the best landlord a bunch of students could ever have. Sent in by the ever-so-thankful tenants of 635 S. Main St.
1194,1995-11-13,1995,Fall,1991–1999,PAT,1,pat / praise,👏,0.46,Community service & mutual aid,"Neighbors, parties & student behavior | Community service & mutual aid",,the brothers,the appreciative staff of Your Place After School and Simms Recreation Center,"A thankful pat to the brothers of Alpha Phi Alpha Fraternity, Inc., the ladies of Alpha Kappa Alpha Sorority, Inc., the ladies of Delta Sigma Theta, Inc., NAACP, BSA and Habitat f…","A thankful pat to the brothers of Alpha Phi Alpha Fraternity, Inc., the ladies of Alpha Kappa Alpha Sorority, Inc., the ladies of Delta Sigma Theta, Inc., NAACP, BSA and Habitat for Humanity for putting on such a wonderful Halloween party and haunted house at Simms Recreation Center Oct. 30. Sent in by the appreciative staff of Your Place After School and Simms Recreation Center."
1208,1995-11-20,1995,Fall,1991–1999,PAT,1,pat / praise,👏,0.4,Community service & mutual aid,Community service & mutual aid,,McDonald's and Burger King,someone,A huge-thank-you-for-feeding-the-hungry pat to McDonald's and Burger King for helping the Blessed Sacrament Soup Kitchen when we were in a bind and really needed you. Sent in by s…,A huge-thank-you-for-feeding-the-hungry pat to McDonald's and Burger King for helping the Blessed Sacrament Soup Kitchen when we were in a bind and really needed you. Sent in by someone who always likes to see big money-making organizations do their part to help individuals.
1210,1995-11-30,1995,Fall,1991–1999,PAT,1,pat / praise,👏,0.43,Community service & mutual aid,Community service & mutual aid,Harrisonburg,Brenda Cousins and all of the Department of Corrections faculty,a student volunteer,A humanitarian pat to Brenda Cousins and all of the Department of Corrections faculty at Harrisonburg's Unit 8. Thank you for working hard to give so many people a better shot at…,A humanitarian pat to Brenda Cousins and all of the Department of Corrections faculty at Harrisonburg's Unit 8. Thank you for working hard to give so many people a better shot at life on the outside. Sent in by a student volunteer who admires your dedication.
1211,1995-11-30,1995,Fall,1991–1999,DART,-1,dart / criticism,🎯,0.42,"Downtown, arts & events","Transit, buses & mobility | Downtown, arts & events",Harrisonburg,the student,an angry football player,A pick-on-someone-your-own-size dart to the student who thought it was cool to ride off with the 13-year-old Harrisonburg boy's bike. Sent in by an angry football player who would…,A pick-on-someone-your-own-size dart to the student who thought it was cool to ride off with the 13-year-old Harrisonburg boy's bike. Sent in by an angry football player who would really like to show you how to pick on someone smaller.
1223,1995-12-07,1995,Fall,1991–1999,PAT,1,pat / praise,👏,0.55,"Civic identity, media & reputation","Civic identity, media & reputation",JMU,all those fans from both the student body and the community,everyone associated with JMU men's soccer,A sincere thanks pat to all those fans from both the student body and the community who gave us tremendous support during our successful run in the NCAA tournament. This support p…,A sincere thanks pat to all those fans from both the student body and the community who gave us tremendous support during our successful run in the NCAA tournament. This support played a key role in our success. Thank you again. Sent in by everyone associated with JMU men's soccer.
1229,1996-01-15,1996,Spring,1991–1999,PAT,1,pat / praise,👏,0.45,"Housing, landlords & apartment life","Housing, landlords & apartment life",Harrisonburg | JMU,Gifford Hall Director Matt Trainum,people,A heartfelt pat to Gifford Hall Director Matt Trainum for organizing the purchase of a new bike for the Harrisonburg resident whose bike was stolen by a JMU student last semester.…,A heartfelt pat to Gifford Hall Director Matt Trainum for organizing the purchase of a new bike for the Harrisonburg resident whose bike was stolen by a JMU student last semester. We all appreciate the hard work. Sent in by people who try and make up for others' faults.
1231,1996-01-15,1996,Spring,1991–1999,PAT,1,pat / praise,👏,0.43,"Weather, environment & infrastructure","Campus edge, construction & expansion | Weather, environment & infrastructure",JMU,the two male JMU students,a senior,A thanks-a-million pat to the two male JMU students in the Toyota Corolla who stopped Jan. 6 to help me on Interstate 81. Getting back to campus in the snow was a whole lot easier…,A thanks-a-million pat to the two male JMU students in the Toyota Corolla who stopped Jan. 6 to help me on Interstate 81. Getting back to campus in the snow was a whole lot easier knowing someone was watching out for me. Sent in by a senior who will always remember your kindness and concern.
1265,1996-02-05,1996,Spring,1991–1999,PAT,1,pat / praise,👏,0.41,Community service & mutual aid,"Local businesses & restaurants | Community service & mutual aid | Civic identity, media & reputation",,"Massanutten, Brooklyn Deli, Nautilus, Little Caesar's, California Nails, Blue Ridge Nature Shop, Crutchfield, Chili's and Apollo Tan",community service representatives,"A your-generosity-is-much-appreciated pat to Massanutten, Brooklyn Deli, Nautilus, Little Caesar's, California Nails, Blue Ridge Nature Shop, Crutchfield, Chili's and Apollo Tan f…","A your-generosity-is-much-appreciated pat to Massanutten, Brooklyn Deli, Nautilus, Little Caesar's, California Nails, Blue Ridge Nature Shop, Crutchfield, Chili's and Apollo Tan for donating prizes to Camp Heartland Dance-A-Thon. Sent in by community service representatives who will dance their hearts out for you."
1275,1996-02-08,1996,Spring,1991–1999,PAT,1,pat / praise,👏,0.39,"Transit, buses & mobility","Transit, buses & mobility | Housing, landlords & apartment life | Neighbors, parties & student behavior | Campus edge, construction & expansion | Weather, environment & infrastructure",Harrisonburg Transit | Hunter's Ridge,Raj,six women,A thank-you-so-much pat to Raj in the Mercury Sable who drove us back to campus during the snow storm Friday night. Sent in by six women who were happy not to freeze at the Hunter…,A thank-you-so-much pat to Raj in the Mercury Sable who drove us back to campus during the snow storm Friday night. Sent in by six women who were happy not to freeze at the Hunter's Ridge bus stop.
1278,1996-02-12,1996,Spring,1991–1999,DART,-1,dart / criticism,🎯,0.48,"Streets, traffic & pedestrian safety","Streets, traffic & pedestrian safety | Transit, buses & mobility | Downtown, arts & events",Harrisonburg | Harrisonburg Transit,the Harrisonburg Transit bus driver,someone,A pissed-off dart to the Harrisonburg Transit bus driver who tried to run me over. I thought pedestrians had the right of way! Sent in by someone who is tired of bus drivers who d…,"A pissed-off dart to the Harrisonburg Transit bus driver who tried to run me over. I thought pedestrians had the right of way! Sent in by someone who is tired of bus drivers who don't wear watches, are either late or early but never on time, and don't show regard for people crossing streets."
1285,1996-02-15,1996,Spring,1991–1999,PAT,1,pat / praise,👏,0.48,"Parking, towing & cars","Parking, towing & cars | Housing, landlords & apartment life | Community service & mutual aid | Weather, environment & infrastructure",Olde Mill,the guy,a grateful young lady,A thanks-for-the-push pat to the guy who helped me get my car out of the snow last Saturday afternoon in the Olde Mill Village parking lot and to the two guys who helped me with t…,A thanks-for-the-push pat to the guy who helped me get my car out of the snow last Saturday afternoon in the Olde Mill Village parking lot and to the two guys who helped me with the same problem in the parking lot in front of Ikenberry Hall. Sent in by a grateful young lady who has had a string of unlucky mishaps with the snow.
1292,1996-02-19,1996,Spring,1991–1999,DART,-1,dart / criticism,🎯,0.48,"Parking, towing & cars","Parking, towing & cars | Campus edge, construction & expansion",,the jerk,a very annoyed and disgruntled woman,"A may-you-rot-in-hell-and-get-a-hernia dart to the jerk who took the parking space I was waiting for in Anthony-Seeger commuter lot. Due to your inconsiderate act, I got a ticket…","A may-you-rot-in-hell-and-get-a-hernia dart to the jerk who took the parking space I was waiting for in Anthony-Seeger commuter lot. Due to your inconsiderate act, I got a ticket I can't afford. Sent in by a very annoyed and disgruntled woman who has a good memory."
1310,1996-02-29,1996,Spring,1991–1999,DART,-1,dart / criticism,🎯,0.37,"Housing, landlords & apartment life","Streets, traffic & pedestrian safety | Housing, landlords & apartment life",Harrisonburg | Hunter's Ridge,the moron,a driver,"A where-did-you-get-your-license dart to the moron who drives the truck around Hunter's Ridge. The Daytona 500 is over, and it wasn't in Harrisonburg. Sent in by a driver whose li…","A where-did-you-get-your-license dart to the moron who drives the truck around Hunter's Ridge. The Daytona 500 is over, and it wasn't in Harrisonburg. Sent in by a driver whose life has flashed before his eyes several times due to this maniac."
1325,1996-03-21,1996,Spring,1991–1999,PAT,1,pat / praise,👏,0.4,"Streets, traffic & pedestrian safety","Streets, traffic & pedestrian safety",Port Republic Road,the guy,a very thankful student,A grateful pat to the guy who chased me up Port Republic Road on his bicycle after I left my bank card at Crestar. I was so shocked that I barely thanked him. Sent in by a very th…,A grateful pat to the guy who chased me up Port Republic Road on his bicycle after I left my bank card at Crestar. I was so shocked that I barely thanked him. Sent in by a very thankful student who has never been inspired to write a pat before.
1334,1996-03-25,1996,Spring,1991–1999,DART,-1,dart / criticism,🎯,0.4,"Streets, traffic & pedestrian safety","Streets, traffic & pedestrian safety",Port Republic Road,the idiots,an advocate of yet another Port Republic Road traffic light,A have-you-ever-heard-of-a-turn-signal dart to the idiots who zoom down Forest Hill Lane and take a right at Texaco without using one. It is hard enough to go left onto Port Repub…,A have-you-ever-heard-of-a-turn-signal dart to the idiots who zoom down Forest Hill Lane and take a right at Texaco without using one. It is hard enough to go left onto Port Republic Road from there as it is. Sent in by an advocate of yet another Port Republic Road traffic light.
1388,1996-08-26,1996,Fall,1991–1999,DART,-1,dart / criticism,🎯,0.39,"Neighbors, parties & student behavior","Housing, landlords & apartment life | Neighbors, parties & student behavior | Downtown, arts & events",Hunter's Ridge,the Hunters Ridge main office,students and parents,A what-ever-happened-to-extended-hours dart to the Hunters Ridge main office for being closed most of the weekend before classes start. Some of us have important things to report…,"A what-ever-happened-to-extended-hours dart to the Hunters Ridge main office for being closed most of the weekend before classes start. Some of us have important things to report and problems that just don't show up between the hours of 10 a.m. and 2 p.m. Sent in by students and parents who think the weekend everyone moves in is a good weekend to be in the office all day, both days."
1395,1996-08-29,1996,Fall,1991–1999,PAT,1,pat / praise,👏,0.39,"Transit, buses & mobility","Transit, buses & mobility | Parking, towing & cars",Harrisonburg | Harrisonburg Transit,Harrisonburg Transit,a student,"An I-love-not-driving pat to Harrisonburg Transit. Thanks for the cozy bus ride. Sent in by a student whose car is in much better shape because of that big, blue bus.","An I-love-not-driving pat to Harrisonburg Transit. Thanks for the cozy bus ride. Sent in by a student whose car is in much better shape because of that big, blue bus."
1399,1996-09-02,1996,Fall,1991–1999,PAT,1,pat / praise,👏,0.4,Other town-gown moments,,Harrisonburg,Wal-Mart,students,An open-late pat to Wal-Mart for keeping its doors open and lights on 24 hours a day. It looks like Harrisonburg is finally catching up with the rest of the world. Sent in by stud…,An open-late pat to Wal-Mart for keeping its doors open and lights on 24 hours a day. It looks like Harrisonburg is finally catching up with the rest of the world. Sent in by students who like to spend their early mornings contributing to the economy.
1437,1996-09-23,1996,Fall,1991–1999,PAT,1,pat / praise,👏,0.47,"Downtown, arts & events","Downtown, arts & events",JMU,Earlynn Miller and the JMU folk ensemble,a student,"A ""thanks-for-a-great-time"" pat to Earlynn Miller and the JMU folk ensemble for putting on a great show on Court Square Friday. Sent in by a student who had a lot of fun folk danc…","A ""thanks-for-a-great-time"" pat to Earlynn Miller and the JMU folk ensemble for putting on a great show on Court Square Friday. Sent in by a student who had a lot of fun folk dancing with friends and the ensemble."
1451,1996-10-03,1996,Fall,1991–1999,PAT,1,pat / praise,👏,0.4,"Campus edge, construction & expansion","Streets, traffic & pedestrian safety | Campus edge, construction & expansion",,whomever,a student,"A ""thanks-for-feeding-us"" pat to whomever put the new vending machines and microwave in Anthony-Seeger Hall. Sent in by a student who now never has to leave Anthony-Seeger and, th…","A ""thanks-for-feeding-us"" pat to whomever put the new vending machines and microwave in Anthony-Seeger Hall. Sent in by a student who now never has to leave Anthony-Seeger and, thus, never has to use the non-existent crosswalk."
1454,1996-10-03,1996,Fall,1991–1999,DART,-1,dart / criticism,🎯,0.37,"Campus edge, construction & expansion","Police, public safety & city services | Housing, landlords & apartment life | Campus edge, construction & expansion",,the freshmen,a few seniors,"A ""go-back-to-Weaver-Hall"" dart to the freshmen who set off the fire alarm in our apartment building at 2 a.m. last week. Sent in by a few seniors who wish you'd keep your funny l…","A ""go-back-to-Weaver-Hall"" dart to the freshmen who set off the fire alarm in our apartment building at 2 a.m. last week. Sent in by a few seniors who wish you'd keep your funny little pranks on campus."
1466,1996-10-10,1996,Fall,1991–1999,DART,-1,dart / criticism,🎯,0.37,"Housing, landlords & apartment life","Transit, buses & mobility | Housing, landlords & apartment life | Campus edge, construction & expansion",Harrisonburg Transit,the people,a student,"A ""pooper-scooper"" dart to the people in my apartment building who walk their dogs and forget to clean up after them. Sent in by a student who loves dogs but doesn't have time to…","A ""pooper-scooper"" dart to the people in my apartment building who walk their dogs and forget to clean up after them. Sent in by a student who loves dogs but doesn't have time to watch where she's stepping when running to catch the bus."
1468,1996-10-14,1996,Fall,1991–1999,DART,-1,dart / criticism,🎯,0.37,"Housing, landlords & apartment life","Streets, traffic & pedestrian safety | Parking, towing & cars | Housing, landlords & apartment life",Olde Mill,all sloppy drivers,an Olde Mill resident,"A ""back-up-and-take-another-stab-at-it"" dart to all sloppy drivers who park their cars straddling the white line in the Olde Mill lot. Sent in by an Olde Mill resident who can't c…","A ""back-up-and-take-another-stab-at-it"" dart to all sloppy drivers who park their cars straddling the white line in the Olde Mill lot. Sent in by an Olde Mill resident who can't comfortably squeeze his Big Olds into the skinny spots you leave."
1476,1996-10-17,1996,Fall,1991–1999,DART,-1,dart / criticism,🎯,0.42,"Housing, landlords & apartment life","Housing, landlords & apartment life | Local businesses & restaurants",Harrisonburg | JMU,the harsh critics,a student,"A ""you-wonder-why-Harrisonburg-residents-tend-to-think-JMU-students-are-snobs"" dart to the harsh critics of Pano's restaurant. Sent in by a student who happens to enjoy Pano's cui…","A ""you-wonder-why-Harrisonburg-residents-tend-to-think-JMU-students-are-snobs"" dart to the harsh critics of Pano's restaurant. Sent in by a student who happens to enjoy Pano's cuisine and thinks snotty JMU students are in no place to judge."
1524,1996-11-18,1996,Fall,1991–1999,DART,-1,dart / criticism,🎯,0.4,"Campus edge, construction & expansion","Streets, traffic & pedestrian safety | Local businesses & restaurants | Campus edge, construction & expansion",,landscape planners,an SCOM major,"A ""you-forgot-about-us"" dart to landscape planners for leaving Anthony-Seeger Hall in the dust. How about sending a little of the business building treatment this way. Sent in by…","A ""you-forgot-about-us"" dart to landscape planners for leaving Anthony-Seeger Hall in the dust. How about sending a little of the business building treatment this way. Sent in by an SCOM major who thinks a few shrubs might ease her pain over the loss of the crosswalk."
1528,1996-12-05,1996,Fall,1991–1999,DART,-1,dart / criticism,🎯,0.38,"Streets, traffic & pedestrian safety","Streets, traffic & pedestrian safety | Parking, towing & cars",,all the whiney jaywalkers and joggers,a townie,"A ""learn-the-rules-of-the-road"" dart to all the whiney jaywalkers and joggers whose mamas never taught them to cross only on green and to walk (or jog) on the left, facing traffic…","A ""learn-the-rules-of-the-road"" dart to all the whiney jaywalkers and joggers whose mamas never taught them to cross only on green and to walk (or jog) on the left, facing traffic. Sent in by a townie who really has no interest in scraping your crybaby butts off of his bumper."
1543,1997-01-13,1997,Spring,1991–1999,PAT,1,pat / praise,👏,0.46,Community service & mutual aid,"Community service & mutual aid | Civic identity, media & reputation",Harrisonburg | Rockingham County,the Community Service-Learning students,the executive director of the Association for Retarded Citizens—Harrisonburg/Rockingham,"A ""huge-thank-you"" pat to the Community Service-Learning students who volunteered a considerable amount of time, energy and enthusiasm for the ARC on Dec. 11. We could never have…","A ""huge-thank-you"" pat to the Community Service-Learning students who volunteered a considerable amount of time, energy and enthusiasm for the ARC on Dec. 11. We could never have been ready for our Holiday Auction without your help. Sent in by the executive director of the Association for Retarded Citizens—Harrisonburg/Rockingham."
1542,1997-01-13,1997,Spring,1991–1999,DART,-1,dart / criticism,🎯,0.38,"Streets, traffic & pedestrian safety","Streets, traffic & pedestrian safety | Housing, landlords & apartment life | Weather, environment & infrastructure",Main Street,the lazy-assed residents,a student,"A ""skating-rink"" dart to the lazy-assed residents of South Main Street who were too wimpy to brave the elements and shovel the snow and ice off their sidewalks last week. Sent in…","A ""skating-rink"" dart to the lazy-assed residents of South Main Street who were too wimpy to brave the elements and shovel the snow and ice off their sidewalks last week. Sent in by a student who would have called Chandler, Franklin and O'Bryan if he'd actually taken a spill."
1586,1997-02-06,1997,Spring,1991–1999,DART,-1,dart / criticism,🎯,0.37,"Housing, landlords & apartment life","Streets, traffic & pedestrian safety | Transit, buses & mobility | Housing, landlords & apartment life",Harrisonburg Transit,the management,an unhappy resident,"A ""we're-not-pigs"" dart to the management of College Park-Ashby Crossing for thinking its residents actually like wallowing in the mud to the bus stop. Sent in by an unhappy resid…","A ""we're-not-pigs"" dart to the management of College Park-Ashby Crossing for thinking its residents actually like wallowing in the mud to the bus stop. Sent in by an unhappy resident who doesn't ""feel like doing something dirty today."""
1590,1997-02-10,1997,Spring,1991–1999,DART,-1,dart / criticism,🎯,0.37,"Streets, traffic & pedestrian safety","Streets, traffic & pedestrian safety | Transit, buses & mobility | Weather, environment & infrastructure",Main Street | Harrisonburg Transit,the bus driver,an alumnus,"A ""your-name-is-mud"" dart to the bus driver who splashed mud all over me while I was walking down Main Street Saturday in the snow. Sent in by an alumnus who doesn't mind getting…","A ""your-name-is-mud"" dart to the bus driver who splashed mud all over me while I was walking down Main Street Saturday in the snow. Sent in by an alumnus who doesn't mind getting dirty, but would rather have a say in the matter."
1597,1997-02-13,1997,Spring,1991–1999,PAT,1,pat / praise,👏,0.45,"Streets, traffic & pedestrian safety","Streets, traffic & pedestrian safety | Transit, buses & mobility | Parking, towing & cars | Community service & mutual aid",Port Republic Road,the two guys,a lucky girl,"A ""huge-thank-you"" pat to the two guys who helped push my car off Port Republic Road the other week. Not only did they stop in mid-traffic, but they also gave me a ride to work. S…","A ""huge-thank-you"" pat to the two guys who helped push my car off Port Republic Road the other week. Not only did they stop in mid-traffic, but they also gave me a ride to work. Sent in by a lucky girl who thanks God there are still angels out there."
1598,1997-02-13,1997,Spring,1991–1999,DART,-1,dart / criticism,🎯,0.4,"Housing, landlords & apartment life","Streets, traffic & pedestrian safety | Housing, landlords & apartment life",,the new management,a resident,"A ""you've-got-to-be-kidding"" dart to the new management of Ashby Crossing for charging residents who renew their leases a $50 move-in-fee."" Sent in by a resident who is paying a m…","A ""you've-got-to-be-kidding"" dart to the new management of Ashby Crossing for charging residents who renew their leases a $50 move-in-fee."" Sent in by a resident who is paying a move-in fee and isn't even moving!"
1640,1997-03-24,1997,Spring,1991–1999,DART,-1,dart / criticism,🎯,0.37,"Neighbors, parties & student behavior","Police, public safety & city services | Housing, landlords & apartment life | Neighbors, parties & student behavior | Weather, environment & infrastructure",,the people,someone,"A ""could-you-be-more-disrespectful?"" dart to the people who left my apartment a wreck after the party I had Saturday night. Sent in by someone who thinks having a party doesn't gi…","A ""could-you-be-more-disrespectful?"" dart to the people who left my apartment a wreck after the party I had Saturday night. Sent in by someone who thinks having a party doesn't give anyone the right to trash his place."
1639,1997-03-24,1997,Spring,1991–1999,PAT,1,pat / praise,👏,0.38,Community service & mutual aid,"Local businesses & restaurants | Community service & mutual aid | Civic identity, media & reputation",Harrisonburg,the Pi Kappa Phi and Alpha Kappa Lambda fraternities,a Harrisonburg Recreation employee,"An ""excellent-job"" pat to the Pi Kappa Phi and Alpha Kappa Lambda fraternities for their community service projects for the Harrisonburg Parks and Recreation Department. Sent in b…","An ""excellent-job"" pat to the Pi Kappa Phi and Alpha Kappa Lambda fraternities for their community service projects for the Harrisonburg Parks and Recreation Department. Sent in by a Harrisonburg Recreation employee who has less to worry about because of all their help."
1650,1997-04-07,1997,Spring,1991–1999,DART,-1,dart / criticism,🎯,0.43,Local businesses & restaurants,Local businesses & restaurants,Valley Mall,the Valley Mall Cinema,two disgruntled students,"A ""thanks-for-being-so-inconsiderate"" dart to the Valley Mall Cinema. The end of ""The Devil's Own"" got blacked out, but when we informed you of the problem we were brushed aside.…","A ""thanks-for-being-so-inconsiderate"" dart to the Valley Mall Cinema. The end of ""The Devil's Own"" got blacked out, but when we informed you of the problem we were brushed aside. Sent in by two disgruntled students who want to warn people not to see this movie at the Valley Mall if they want to know how it ends."
1657,1997-04-10,1997,Spring,1991–1999,PAT,1,pat / praise,👏,0.48,"Downtown, arts & events","Downtown, arts & events | Civic identity, media & reputation | Weather, environment & infrastructure",Harrisonburg | JMU | Downtown Harrisonburg,EARTH and all the other organizations,someone,"A ""we-love-downtown"" pat to EARTH and all the other organizations for bringing the JMU and Harrisonburg communities together through the Support Downtown Festival Saturday. You di…","A ""we-love-downtown"" pat to EARTH and all the other organizations for bringing the JMU and Harrisonburg communities together through the Support Downtown Festival Saturday. You did a great job. Sent in by someone who appreciates their efforts and respects the community she'll only stay in for four years."
1655,1997-04-10,1997,Spring,1991–1999,PAT,1,pat / praise,👏,0.4,Local businesses & restaurants,Local businesses & restaurants,Valley Mall,Michelle Davis,an appreciative senior,"A ""thanks-a-million"" pat to Michelle Davis at Hair Plus in the Valley Mall. She is the best hair stylist in the 'Burg. Sent in by an appreciative senior who would have been lookin…","A ""thanks-a-million"" pat to Michelle Davis at Hair Plus in the Valley Mall. She is the best hair stylist in the 'Burg. Sent in by an appreciative senior who would have been looking like Cousin It from the Addams Family if not for her skills."
1663,1997-04-14,1997,Spring,1991–1999,PAT,1,pat / praise,👏,0.43,Community service & mutual aid,"Streets, traffic & pedestrian safety | Parking, towing & cars | Community service & mutual aid",Port Republic Road,the guys,an appreciative Eastern Mennonite student,"A ""thanks-for-helping-out"" pat to the guys in the brick house across from Citgo/Dairy Queen who helped my mom out when her car died in the middle of Port Republic Road. Sent in by…","A ""thanks-for-helping-out"" pat to the guys in the brick house across from Citgo/Dairy Queen who helped my mom out when her car died in the middle of Port Republic Road. Sent in by an appreciative Eastern Mennonite student whose mom is now thinking of baking you guys cookies."
1668,1997-04-17,1997,Spring,1991–1999,DART,-1,dart / criticism,🎯,0.4,"Housing, landlords & apartment life","Streets, traffic & pedestrian safety | Parking, towing & cars | Housing, landlords & apartment life",Olde Mill,the jerk,an Olde Mill resident,"An ""I-don't-want-to-be-roadkill"" dart to the jerk in the black Firebird who almost ran me over in the Olde Mill parking lot. Sent in by an Olde Mill resident who thinks he remembe…","An ""I-don't-want-to-be-roadkill"" dart to the jerk in the black Firebird who almost ran me over in the Olde Mill parking lot. Sent in by an Olde Mill resident who thinks he remembers hearing somewhere that pedestrians have the right of way."
1684,1997-08-25,1997,Fall,1991–1999,DART,-1,dart / criticism,🎯,0.43,"Housing, landlords & apartment life","Housing, landlords & apartment life | Campus edge, construction & expansion | Civic identity, media & reputation",,a local apartment complex,an angry resident,"A ""get-your-act-together"" dart to a local apartment complex for being dirty, disorganized and unprepared for this year's residents to move in. Sent in by an angry resident who did…","A ""get-your-act-together"" dart to a local apartment complex for being dirty, disorganized and unprepared for this year's residents to move in. Sent in by an angry resident who did not appreciate seeing the building in the same condition it was in last spring."
1706,1997-09-04,1997,Fall,1991–1999,DART,-1,dart / criticism,🎯,0.37,"Housing, landlords & apartment life","Housing, landlords & apartment life",,my apartment complex,a student,"A ""how-long-do-I-have-to-wait"" dart to my apartment complex for still not fixing my screen after three weeks of waiting. Sent in by a student who lives on the first floor and want…","A ""how-long-do-I-have-to-wait"" dart to my apartment complex for still not fixing my screen after three weeks of waiting. Sent in by a student who lives on the first floor and wants the screen fixed before people start taking his stuff."
1710,1997-09-08,1997,Fall,1991–1999,DART,-1,dart / criticism,🎯,0.4,"Campus edge, construction & expansion","Transit, buses & mobility | Housing, landlords & apartment life | Campus edge, construction & expansion",Harrisonburg | Harrisonburg Transit | Hunter's Ridge,Harrisonburg Transit,a student,"A ""how-are-we-supposed-to-get-home"" dart to Harrisonburg Transit for only having two buses that go from campus to Southview apartments. Sent in by a student who doesn't want to be…","A ""how-are-we-supposed-to-get-home"" dart to Harrisonburg Transit for only having two buses that go from campus to Southview apartments. Sent in by a student who doesn't want to be stranded on campus just because he doesn't live in Hunter's Ridge."
1714,1997-09-11,1997,Fall,1991–1999,DART,-1,dart / criticism,🎯,0.4,"Parking, towing & cars","Streets, traffic & pedestrian safety | Transit, buses & mobility | Parking, towing & cars",Harrisonburg | Harrisonburg Transit,the Harrisonburg Transit driver,a student,"A ""does-my-car-look-like-an-ashtray"" dart to the Harrisonburg Transit driver who threw his cigarette in my sunroof because he thought I was driving too slow. Sent in by a student…","A ""does-my-car-look-like-an-ashtray"" dart to the Harrisonburg Transit driver who threw his cigarette in my sunroof because he thought I was driving too slow. Sent in by a student who didn't appreciate a burn hole in her car and will be wary of opening her sunroof from now on."
1725,1997-09-15,1997,Fall,1991–1999,PAT,1,pat / praise,👏,0.42,"Neighbors, parties & student behavior","Police, public safety & city services | Neighbors, parties & student behavior",Harrisonburg | Harrisonburg Police,Harrisonburg Police officers,a student,"A ""thanks-for-your-kindness"" pat to Harrisonburg Police officers who were so nice, even though they broke up my party last weekend. Sent in by a student who was upset about his pa…","A ""thanks-for-your-kindness"" pat to Harrisonburg Police officers who were so nice, even though they broke up my party last weekend. Sent in by a student who was upset about his party getting busted but was glad you were so friendly about it."
1722,1997-09-15,1997,Fall,1991–1999,DART,-1,dart / criticism,🎯,0.4,"Housing, landlords & apartment life","Police, public safety & city services | Housing, landlords & apartment life | Neighbors, parties & student behavior | Civic identity, media & reputation | Weather, environment & infrastructure",,a local apartment complex,a renter,"A ""we-don't-live-at-the-dump"" dart to a local apartment complex for not having trash dumpsters emptied on a regular basis. Sent in by a renter who doesn't appreciate the stench an…","A ""we-don't-live-at-the-dump"" dart to a local apartment complex for not having trash dumpsters emptied on a regular basis. Sent in by a renter who doesn't appreciate the stench and the rodents the trash is attracting."
1729,1997-09-18,1997,Fall,1991–1999,PAT,1,pat / praise,👏,0.39,"Housing, landlords & apartment life","Streets, traffic & pedestrian safety | Housing, landlords & apartment life | Campus edge, construction & expansion",,the construction company,a resident,"A ""thanks-for-making-us-civilized"" pat to the construction company planning to build a road to my apartment complex. Sent in by a resident who will no longer have to go off-roadin…","A ""thanks-for-making-us-civilized"" pat to the construction company planning to build a road to my apartment complex. Sent in by a resident who will no longer have to go off-roading to get home."
1751,1997-10-02,1997,Fall,1991–1999,PAT,1,pat / praise,👏,0.42,Community service & mutual aid,"Community service & mutual aid | Civic identity, media & reputation",Mercy House,the brothers,Alpha Phis,"A ""you-guys-are-awesome"" pat to the brothers of Sigma Chi for supporting Mercy House and bringing the Greek community together with Derby Days. Sent in by Alpha Phis who appreciat…","A ""you-guys-are-awesome"" pat to the brothers of Sigma Chi for supporting Mercy House and bringing the Greek community together with Derby Days. Sent in by Alpha Phis who appreciate all the hard work you've put in."
1772,1997-10-16,1997,Fall,1991–1999,DART,-1,dart / criticism,🎯,0.37,"Streets, traffic & pedestrian safety","Streets, traffic & pedestrian safety",Main Street,the girl,a student,"An ""it-rhymes-with-witch"" dart to the girl who rear-ended me on South Main Street last week and then drove away. Sent in by a student who got your license plate number and wishes…","An ""it-rhymes-with-witch"" dart to the girl who rear-ended me on South Main Street last week and then drove away. Sent in by a student who got your license plate number and wishes you luck in court."
1790,1997-10-27,1997,Fall,1991–1999,DART,-1,dart / criticism,🎯,0.4,Local businesses & restaurants,"Local businesses & restaurants | Civic identity, media & reputation",,a local restaurant,a student,"A ""we're-never-coming-back"" dart to a local restaurant for making us wait an hour for our table even though we had a reservation, and then giving our table away to another group.…","A ""we're-never-coming-back"" dart to a local restaurant for making us wait an hour for our table even though we had a reservation, and then giving our table away to another group. Sent in by a student who didn't appreciate her family having to wait and wonders what the point of a reservation is."
1842,1998-01-19,1998,Spring,1991–1999,DART,-1,dart / criticism,🎯,0.39,"Parking, towing & cars","Streets, traffic & pedestrian safety | Transit, buses & mobility | Parking, towing & cars",Harrisonburg | Harrisonburg Transit,the Harrisonburg Transit driver,a student,"A ""why-me?"" dart to the Harrisonburg Transit driver who hit my car Thursday. Sent in by a student who's bitter about the dent in her car but is thankful you at least left her a no…","A ""why-me?"" dart to the Harrisonburg Transit driver who hit my car Thursday. Sent in by a student who's bitter about the dent in her car but is thankful you at least left her a note."
1840,1998-01-19,1998,Spring,1991–1999,DART,-1,dart / criticism,🎯,0.45,"Streets, traffic & pedestrian safety","Streets, traffic & pedestrian safety | Transit, buses & mobility",Main Street,the people,a student,"A ""get-your-own-!@#*@#'-ride"" dart to the people who stole my cab on Thursday night. Sent in by a student who is pissed she had to walk down South Main Street in the cold while yo…","A ""get-your-own-!@#*@#'-ride"" dart to the people who stole my cab on Thursday night. Sent in by a student who is pissed she had to walk down South Main Street in the cold while you were warm and dry in her cab."
1850,1998-01-26,1998,Spring,1991–1999,DART,-1,dart / criticism,🎯,0.38,"Housing, landlords & apartment life","Housing, landlords & apartment life | Campus edge, construction & expansion",,our landlord,frustrated students,"A ""you-should-be-ashamed"" dart to our landlord for not dealing with our mouse problem, putting up storm windows or warning us of the construction that started outside our window a…","A ""you-should-be-ashamed"" dart to our landlord for not dealing with our mouse problem, putting up storm windows or warning us of the construction that started outside our window at 7 a.m. Sent in by frustrated students who wouldn't want their worst enemies to live in your housing."
1855,1998-01-29,1998,Spring,1991–1999,PAT,1,pat / praise,👏,0.36,Local businesses & restaurants,Local businesses & restaurants,Artful Dodger,the Artful Dodger,a student,"A ""my-lungs-breathe-easier"" pat to the Artful Dodger for becoming smoke-free. Sent in by a student who can now enjoy the Dodger's atmosphere.","A ""my-lungs-breathe-easier"" pat to the Artful Dodger for becoming smoke-free. Sent in by a student who can now enjoy the Dodger's atmosphere."
1859,1998-02-02,1998,Spring,1991–1999,PAT,1,pat / praise,👏,0.47,"Police, public safety & city services","Parking, towing & cars | Police, public safety & city services",Harrisonburg | Harrisonburg Police,the Harrisonburg Police officer,three students,"A ""thanks-for-keeping-us-warm"" pat to the Harrisonburg Police officer who let us sit in his car while we waited for our late cab. Sent in by three students who appreciated not hav…","A ""thanks-for-keeping-us-warm"" pat to the Harrisonburg Police officer who let us sit in his car while we waited for our late cab. Sent in by three students who appreciated not having to freeze to death thanks to you."
1867,1998-02-06,1998,Spring,1991–1999,PAT,1,pat / praise,👏,0.39,"Police, public safety & city services","Parking, towing & cars | Police, public safety & city services",Harrisonburg | Harrisonburg Police,the Harrisonburg Police officer,students,"A ""thanks-for-the-watchful-eye"" pat to the Harrisonburg Police officer who answered our call about a strange man watching us from his car. Sent in by students who felt safer knowi…","A ""thanks-for-the-watchful-eye"" pat to the Harrisonburg Police officer who answered our call about a strange man watching us from his car. Sent in by students who felt safer knowing you were there."
1868,1998-02-06,1998,Spring,1991–1999,DART,-1,dart / criticism,🎯,0.45,"Housing, landlords & apartment life","Housing, landlords & apartment life | Neighbors, parties & student behavior",Hunter's Ridge,the person,Hunter's Ridge residents,"An ""adding-sobriety-to-sorrow"" dart to the person who stole our two TVs and then stole our beer from our refrigerator. Sent in by Hunter's Ridge residents who can't even drown the…","An ""adding-sobriety-to-sorrow"" dart to the person who stole our two TVs and then stole our beer from our refrigerator. Sent in by Hunter's Ridge residents who can't even drown their sorrows over their lost TVs thanks to you."
1890,1998-02-19,1998,Spring,1991–1999,DART,-1,dart / criticism,🎯,0.42,"Transit, buses & mobility","Streets, traffic & pedestrian safety | Transit, buses & mobility",Harrisonburg | Harrisonburg Transit,the Harrisonburg Transit driver,a pissed off student,"A ""thanks-for-making-me-walk"" dart to the Harrisonburg Transit driver for who didn't pick me up just because I wasn't at a specified stop. Sent in by a pissed off student who curs…","A ""thanks-for-making-me-walk"" dart to the Harrisonburg Transit driver for who didn't pick me up just because I wasn't at a specified stop. Sent in by a pissed off student who cursed your name with every step she took on her walk home."
1893,1998-02-19,1998,Spring,1991–1999,PAT,1,pat / praise,👏,0.37,"Housing, landlords & apartment life","Streets, traffic & pedestrian safety | Transit, buses & mobility | Housing, landlords & apartment life",Harrisonburg | Harrisonburg Transit | Olde Mill,"Howard, the Harrisonburg Transit driver",eight Olde Mill residents,"A ""you're-the-best"" pat to Howard, the Harrisonburg Transit driver, who gave me and my friends a sober ride home on a night when we definitely needed it. Sent in by eight Olde Mil…","A ""you're-the-best"" pat to Howard, the Harrisonburg Transit driver, who gave me and my friends a sober ride home on a night when we definitely needed it. Sent in by eight Olde Mill residents who probably wouldn't have made it home without you."
1898,1998-02-23,1998,Spring,1991–1999,DART,-1,dart / criticism,🎯,0.37,Local businesses & restaurants,Local businesses & restaurants,Valley Mall,the guy,a student,"A ""watch-your-mouth"" dart to the guy who cursed at his toddler son at Valley Mall Saturday. Sent in by a student who's disgusted by your poor display of parenting.","A ""watch-your-mouth"" dart to the guy who cursed at his toddler son at Valley Mall Saturday. Sent in by a student who's disgusted by your poor display of parenting."
1896,1998-02-23,1998,Spring,1991–1999,DART,-1,dart / criticism,🎯,0.42,Other town-gown moments,,,the Boston Beanery waitress,a student,"A ""service-without-a-smile"" dart to the Boston Beanery waitress who charged us $7 for four slices of bread and then got angry when we complained. Sent in by a student who didn't a…","A ""service-without-a-smile"" dart to the Boston Beanery waitress who charged us $7 for four slices of bread and then got angry when we complained. Sent in by a student who didn't appreciate her bill or your attitude."
1916,1998-03-05,1998,Spring,1991–1999,DART,-1,dart / criticism,🎯,0.42,"Housing, landlords & apartment life","Housing, landlords & apartment life | Neighbors, parties & student behavior",Hunter's Ridge,the apartment,two financially challenged students,"A ""thanks-for-the-warning"" dart to the apartment in Hunter's Ridge that played fun patrol last Saturday night and called in a noise violation without warning. Sent in by two finan…","A ""thanks-for-the-warning"" dart to the apartment in Hunter's Ridge that played fun patrol last Saturday night and called in a noise violation without warning. Sent in by two financially challenged students who didn't appreciate the additional fee."
1938,1998-04-02,1998,Spring,1991–1999,DART,-1,dart / criticism,🎯,0.37,"Transit, buses & mobility","Streets, traffic & pedestrian safety | Transit, buses & mobility",Harrisonburg | Harrisonburg Transit,the Harrisonburg Transit Authority driver,a traumatized student,"A ""watch-where-you're-going"" dart to the Harrisonburg Transit Authority driver who almost ran me over Monday night. Sent in by a traumatized student who didn't enjoy seeing her li…","A ""watch-where-you're-going"" dart to the Harrisonburg Transit Authority driver who almost ran me over Monday night. Sent in by a traumatized student who didn't enjoy seeing her life flash before her eyes."
1936,1998-04-02,1998,Spring,1991–1999,DART,-1,dart / criticism,🎯,0.4,"Neighbors, parties & student behavior","Neighbors, parties & student behavior",,Tri-Sigma,an outraged student,"A ""grow-up"" dart to Tri-Sigma for their immature display at the Association of Retarded Citizens gathering Friday night. Sent in by an outraged student who believes ARC members ha…","A ""grow-up"" dart to Tri-Sigma for their immature display at the Association of Retarded Citizens gathering Friday night. Sent in by an outraged student who believes ARC members have more compassion and understanding than your group will ever have."
2272,1998-04-08,1998,Spring,1991–1999,DART,-1,dart / criticism,🎯,0.37,"Streets, traffic & pedestrian safety","Streets, traffic & pedestrian safety",Main Street,those students,an irate motorist,"A ""get-some-common-sense"" dart to those students who cross South Main Street without looking both ways. Sent in by an irate motorist who would like to keep the flow of traffic con…","A ""get-some-common-sense"" dart to those students who cross South Main Street without looking both ways. Sent in by an irate motorist who would like to keep the flow of traffic continuing smoothly."
2274,1998-04-08,1998,Spring,1991–1999,DART,-1,dart / criticism,🎯,0.43,"Housing, landlords & apartment life","Housing, landlords & apartment life",Harrisonburg | JMU,our two immature roommates,two students,"A ""you-need-help"" dart to our two immature roommates who stole and destroyed the tricycle of a young Harrisonburg resident. Sent in by two students who know that it's people like…","A ""you-need-help"" dart to our two immature roommates who stole and destroyed the tricycle of a young Harrisonburg resident. Sent in by two students who know that it's people like you who create problems between JMU students and Harrisonburg citizens these days."
1957,1998-04-16,1998,Spring,1991–1999,PAT,1,pat / praise,👏,0.45,Community service & mutual aid,"Parking, towing & cars | Community service & mutual aid",,the two students,a student,"A ""thanks-for-stopping"" pat to the two students in the Jeep who helped me after my accident on a rainy day on Interstate 81. Sent in by a student who was driving a silver sports c…","A ""thanks-for-stopping"" pat to the two students in the Jeep who helped me after my accident on a rainy day on Interstate 81. Sent in by a student who was driving a silver sports car and can't thank you enough."
1964,1998-04-20,1998,Spring,1991–1999,DART,-1,dart / criticism,🎯,0.37,"Housing, landlords & apartment life","Police, public safety & city services | Housing, landlords & apartment life | Neighbors, parties & student behavior",,the amateur cameraman,a student,"A ""rent-your-own-movie"" dart to the amateur cameraman who videotaped my boyfriend and I last weekend. Sent in by a student who thinks you should be lucky you escaped before the po…","A ""rent-your-own-movie"" dart to the amateur cameraman who videotaped my boyfriend and I last weekend. Sent in by a student who thinks you should be lucky you escaped before the police came."
1975,1998-04-27,1998,Spring,1991–1999,PAT,1,pat / praise,👏,0.4,"Housing, landlords & apartment life","Housing, landlords & apartment life",Hunter's Ridge,the woman,a stressed-out student,"A ""way-to-remain-calm"" pat to the woman in the maroon Volvo whom I rear-ended coming out of Hunter's Ridge last week. Sent in by a stressed-out student who was grateful for the le…","A ""way-to-remain-calm"" pat to the woman in the maroon Volvo whom I rear-ended coming out of Hunter's Ridge last week. Sent in by a stressed-out student who was grateful for the level-headed way you handled the situation."
1987,1998-09-03,1998,Fall,1991–1999,DART,-1,dart / criticism,🎯,0.37,"Transit, buses & mobility","Transit, buses & mobility",Harrisonburg | Harrisonburg Transit,Harrisonburg Transit,a student,"An ""if-this-is-brand-new-I-don't-want-to-see-broken"" dart to Harrisonburg Transit for having two buses break down on the first day of class. Sent in by a student who thinks the po…","An ""if-this-is-brand-new-I-don't-want-to-see-broken"" dart to Harrisonburg Transit for having two buses break down on the first day of class. Sent in by a student who thinks the point of taking the bus is not having to walk."
1992,1998-09-08,1998,Fall,1991–1999,DART,-1,dart / criticism,🎯,0.4,"Streets, traffic & pedestrian safety","Streets, traffic & pedestrian safety | Neighbors, parties & student behavior | Local businesses & restaurants | Downtown, arts & events",JMU | Main Street,the Main Street Bar & Grill,disgruntled students,"A ""more-than-half-of-JMU-is-under-21"" dart to the Main Street Bar & Grill for denying us the privilege of seeing Emmet Swimming because we weren't of legal drinking age. Sent in b…","A ""more-than-half-of-JMU-is-under-21"" dart to the Main Street Bar & Grill for denying us the privilege of seeing Emmet Swimming because we weren't of legal drinking age. Sent in by disgruntled students who don't care about drinking alcohol and just wanted to see a good show."
2003,1998-09-14,1998,Fall,1991–1999,DART,-1,dart / criticism,🎯,0.4,"Parking, towing & cars","Parking, towing & cars | Housing, landlords & apartment life | Local businesses & restaurants",,the owner,two Squire Hill residents,"A ""quit-crying-wolf"" dart to the owner of a compact red car in Squire Hill whose car alarm activates when the wind blows faster than two m.p.h. Sent in by two Squire Hill resident…","A ""quit-crying-wolf"" dart to the owner of a compact red car in Squire Hill whose car alarm activates when the wind blows faster than two m.p.h. Sent in by two Squire Hill residents who wouldn't be able to tell when your car was truly being stolen and frankly wouldn't care."
2017,1998-09-21,1998,Fall,1991–1999,DART,-1,dart / criticism,🎯,0.43,"Housing, landlords & apartment life","Housing, landlords & apartment life",,the individual,a transportationally challenged student,"A ""how-would-you-feel?"" dart to the individual who cut through my bike lock and stole my dark green mountain bike from outside my apartment Thursday night. Sent in by a transporta…","A ""how-would-you-feel?"" dart to the individual who cut through my bike lock and stole my dark green mountain bike from outside my apartment Thursday night. Sent in by a transportationally challenged student who worked long hours to buy a nice bike and hopes you have the heart to return it."
2022,1998-09-24,1998,Fall,1991–1999,DART,-1,dart / criticism,🎯,0.37,"Housing, landlords & apartment life","Parking, towing & cars | Housing, landlords & apartment life | Campus edge, construction & expansion",,an off-campus apartment complex,a student,"A ""where's-my-parking-spot?"" dart to an off-campus apartment complex for featuring parking as one of its better assets. Sent in by a student who lives in the middle row and would…","A ""where's-my-parking-spot?"" dart to an off-campus apartment complex for featuring parking as one of its better assets. Sent in by a student who lives in the middle row and would occasionally enjoy parking in front of her apartment."
2036,1998-10-01,1998,Fall,1991–1999,DART,-1,dart / criticism,🎯,0.37,"Parking, towing & cars","Parking, towing & cars",Harrisonburg,the individuals,a student,"An ""are-you-that-blind?"" dart to the individuals who tried to break into my car when I was only 10 feet away. Sent in by a student who can't believe Harrisonburg is turning into c…","An ""are-you-that-blind?"" dart to the individuals who tried to break into my car when I was only 10 feet away. Sent in by a student who can't believe Harrisonburg is turning into crime central."
2071,1998-10-22,1998,Fall,1991–1999,DART,-1,dart / criticism,🎯,0.4,"Housing, landlords & apartment life","Streets, traffic & pedestrian safety | Housing, landlords & apartment life",Harrisonburg | JMU,the JMU students,a Harrisonburg resident,"A ""haven't-you-got-a-conscience?"" dart to the JMU students seen taking a pumpkin from my yard on South Liberty Street. Sent in by a Harrisonburg resident who thinks that since she…","A ""haven't-you-got-a-conscience?"" dart to the JMU students seen taking a pumpkin from my yard on South Liberty Street. Sent in by a Harrisonburg resident who thinks that since she doesn't steal your property, you have no right to steal hers."
2094,1998-11-02,1998,Fall,1991–1999,DART,-1,dart / criticism,🎯,0.45,"Parking, towing & cars","Streets, traffic & pedestrian safety | Parking, towing & cars | Housing, landlords & apartment life | Campus edge, construction & expansion",,the cowardly driver,someone,"A ""don't-hit-and-run"" dart to the cowardly driver of a white car in an off-campus apartment complex who thoughtlessly hit my new car without leaving a note. Sent in by someone who…","A ""don't-hit-and-run"" dart to the cowardly driver of a white car in an off-campus apartment complex who thoughtlessly hit my new car without leaving a note. Sent in by someone who is pretty sure she knows who you are and thinks you should have the decency to hand over your insurance number."
2113,1998-11-16,1998,Fall,1991–1999,DART,-1,dart / criticism,🎯,0.47,"Parking, towing & cars","Parking, towing & cars | Neighbors, parties & student behavior | Civic identity, media & reputation",,a local towing service,a neighbor,"A ""check-your-facts-next-time"" dart to a local towing service for towing cars parked in a community lot in back of our houses. Sent in by a neighbor who didn't appreciate getting…","A ""check-your-facts-next-time"" dart to a local towing service for towing cars parked in a community lot in back of our houses. Sent in by a neighbor who didn't appreciate getting her car towed that rightfully belonged there."
2126,1998-12-03,1998,Fall,1991–1999,DART,-1,dart / criticism,🎯,0.43,"Streets, traffic & pedestrian safety","Streets, traffic & pedestrian safety | Housing, landlords & apartment life | Campus edge, construction & expansion",Harrisonburg,the students,a Harrisonburg resident,"A ""see-if-I-help-out-again"" dart to the students who smashed the glass in my street post light on Hillcrest Drive. Sent in by a Harrisonburg resident who kept his light lit all ni…","A ""see-if-I-help-out-again"" dart to the students who smashed the glass in my street post light on Hillcrest Drive. Sent in by a Harrisonburg resident who kept his light lit all night to assist off-campus students getting home late, and can't believe this is the thank you he received."
2152,1999-01-18,1999,Spring,1991–1999,DART,-1,dart / criticism,🎯,0.37,"Streets, traffic & pedestrian safety","Streets, traffic & pedestrian safety | Housing, landlords & apartment life",Port Republic Road,the crazy redhead,someone,"A ""slow-it-down"" dart to the crazy redhead who drives her black Ford Ranger through our Port Republic Road apartment complex at breakneck speed. Sent in by someone who was almost…","A ""slow-it-down"" dart to the crazy redhead who drives her black Ford Ranger through our Port Republic Road apartment complex at breakneck speed. Sent in by someone who was almost killed by your recklessness last week."
2162,1999-01-21,1999,Spring,1991–1999,DART,-1,dart / criticism,🎯,0.41,"Police, public safety & city services","Police, public safety & city services | Neighbors, parties & student behavior | Campus edge, construction & expansion",Harrisonburg | Harrisonburg Police,the Harrisonburg police officer,off-campus dwellers,"A ""try-doing-your-job"" dart to the Harrisonburg police officer who blew us off the other night when we asked you to talk to our neighbors about their incendiary habits. Sent in by…","A ""try-doing-your-job"" dart to the Harrisonburg police officer who blew us off the other night when we asked you to talk to our neighbors about their incendiary habits. Sent in by off-campus dwellers who are sick of being hauled out of a deep sleep nightly by fire alarms and would have appreciated some assistance from the man in blue."
2168,1999-01-25,1999,Spring,1991–1999,DART,-1,dart / criticism,🎯,0.4,"Housing, landlords & apartment life","Housing, landlords & apartment life | Neighbors, parties & student behavior | Campus edge, construction & expansion",,our upstairs neighbors,a group of women,"A ""can't-the-crumbs-wait-until-tomorrow?"" dart to our upstairs neighbors in our off-campus apartment complex who feel the need to break out the vacuum at 1 a.m. Sent in by a group…","A ""can't-the-crumbs-wait-until-tomorrow?"" dart to our upstairs neighbors in our off-campus apartment complex who feel the need to break out the vacuum at 1 a.m. Sent in by a group of women who support your need to clean but wish you could do it during daylight hours — preferably after 9 a.m."
2179,1999-01-28,1999,Spring,1991–1999,PAT,1,pat / praise,👏,0.46,"Civic identity, media & reputation","Police, public safety & city services | Community service & mutual aid | Civic identity, media & reputation",Harrisonburg | City of Harrisonburg | JMU,the UREC staff and intramural referees,a City of Harrisonburg Department official,"A ""thanks-for-helping-out"" pat to the UREC staff and intramural referees for their assistance in our local basketball tournament. We couldn't have done it without you. Sent in by…","A ""thanks-for-helping-out"" pat to the UREC staff and intramural referees for their assistance in our local basketball tournament. We couldn't have done it without you. Sent in by a City of Harrisonburg Department official who knows the City and JMU can work together to provide quality activities for the community."
2180,1999-02-01,1999,Spring,1991–1999,DART,-1,dart / criticism,🎯,0.43,"Housing, landlords & apartment life","Housing, landlords & apartment life | Local businesses & restaurants | Campus edge, construction & expansion",,an off-campus apartment complex,a current resident,"A ""nice-returning-business-tactic"" dart to an off-campus apartment complex for raising the rent after students had already agreed to stay for next year. Sent in by a current resid…","A ""nice-returning-business-tactic"" dart to an off-campus apartment complex for raising the rent after students had already agreed to stay for next year. Sent in by a current resident who doesn't need all your ""bonuses"" and regrets that it's too late to find anywhere else to move."
2198,1999-02-08,1999,Spring,1991–1999,PAT,1,pat / praise,👏,0.46,"Transit, buses & mobility","Streets, traffic & pedestrian safety | Transit, buses & mobility | Local businesses & restaurants | Community service & mutual aid",Harrisonburg | Harrisonburg Transit | Valley Mall,the Harrisonburg Transit bus driver,a student,"An ""it's-good-to-know-people-like-you-still-exist"" pat to the Harrisonburg Transit bus driver who helped me on my way home from Valley Mall, and to the guy who helped me carry all…","An ""it's-good-to-know-people-like-you-still-exist"" pat to the Harrisonburg Transit bus driver who helped me on my way home from Valley Mall, and to the guy who helped me carry all my bags home from the bus stop. Sent in by a student who bought more yaffa blocks than she could carry and appreciated all the help she received."
2221,1999-02-18,1999,Spring,1991–1999,PAT,1,pat / praise,👏,0.42,"Housing, landlords & apartment life","Housing, landlords & apartment life | Local businesses & restaurants",South View,the South View maintenance employee,four grateful South View residents,"A ""your-kindness-hasn't-gone-unnoticed"" pat to the South View maintenance employee who changed our lock after our roommate's key was stolen. Sent in by four grateful South View re…","A ""your-kindness-hasn't-gone-unnoticed"" pat to the South View maintenance employee who changed our lock after our roommate's key was stolen. Sent in by four grateful South View residents who feel much safer about going to sleep with a new lock."
2224,1999-02-22,1999,Spring,1991–1999,DART,-1,dart / criticism,🎯,0.41,"Streets, traffic & pedestrian safety","Streets, traffic & pedestrian safety | Parking, towing & cars",,the parking attendant,a frustrated student,"A ""do-you-have-a-single-ounce-of-common-sense-in-your-entire-body?"" dart to the parking attendant who kept cramming cars from Grace Street into the gravel pit. Sent in by a frustr…","A ""do-you-have-a-single-ounce-of-common-sense-in-your-entire-body?"" dart to the parking attendant who kept cramming cars from Grace Street into the gravel pit. Sent in by a frustrated student who understands the road can't be blocked, but needs you to understand that she can't give her spot to someone when she doesn't have room to back out."
2233,1999-02-25,1999,Spring,1991–1999,PAT,1,pat / praise,👏,0.4,"Transit, buses & mobility","Streets, traffic & pedestrian safety | Transit, buses & mobility",Harrisonburg | Harrisonburg Transit,the Harrisonburg Transit bus driver,a tardy college student,"A ""thanks-for-stopping-by"" pat to the Harrisonburg Transit bus driver who made a quick stop to pick me up even though I wasn't on his route when I missed my bus. Sent in by a tard…","A ""thanks-for-stopping-by"" pat to the Harrisonburg Transit bus driver who made a quick stop to pick me up even though I wasn't on his route when I missed my bus. Sent in by a tardy college student who was glad she didn't have to freeze by standing out in the cold."
2259,1999-03-25,1999,Spring,1991–1999,DART,-1,dart / criticism,🎯,0.37,"Parking, towing & cars","Parking, towing & cars | Housing, landlords & apartment life | Campus edge, construction & expansion",,resident advisers,a friendly neighborhood parking attendant,"A ""get-over-yourself"" dart to resident advisers who insist their parking permits allow them to park anywhere on campus. Sent in by a friendly neighborhood parking attendant who th…","A ""get-over-yourself"" dart to resident advisers who insist their parking permits allow them to park anywhere on campus. Sent in by a friendly neighborhood parking attendant who thinks if she's not considered ""faculty and staff"" then neither are you."
2335,1999-09-07,1999,Fall,1991–1999,DART,-1,dart / criticism,🎯,0.38,Community service & mutual aid,Local businesses & restaurants | Community service & mutual aid,Valley Mall,the group,a student,"A ""watch-your-language"" dart to the group of guys who were swearing loudly in front of little kids the other day at Valley Mall. Sent in by a student who thinks you should save th…","A ""watch-your-language"" dart to the group of guys who were swearing loudly in front of little kids the other day at Valley Mall. Sent in by a student who thinks you should save those kinds of words for times when impressionable children are not present."
2357,1999-09-16,1999,Fall,1991–1999,DART,-1,dart / criticism,🎯,0.4,"Neighbors, parties & student behavior","Neighbors, parties & student behavior",,the guys,some students,"A ""can't-you-keep-your-mouth-shut"" dart to the guys who kept yelling at people in Dave's Taverna last weekend. Sent in by some students who thought you were very rude and obnoxiou…","A ""can't-you-keep-your-mouth-shut"" dart to the guys who kept yelling at people in Dave's Taverna last weekend. Sent in by some students who thought you were very rude and obnoxious and wished you could learn how to be quiet."
2395,1999-10-04,1999,Fall,1991–1999,PAT,1,pat / praise,👏,0.42,Local businesses & restaurants,Local businesses & restaurants,,the employees,"a crazy, speaker-dancing girl","An ""I-can't-thank-you-enough-for-finding-my-watch"" pat to the employees at Mainstreet Bar and Grill. Sent in by a crazy, speaker-dancing girl who was grateful that her night of fu…","An ""I-can't-thank-you-enough-for-finding-my-watch"" pat to the employees at Mainstreet Bar and Grill. Sent in by a crazy, speaker-dancing girl who was grateful that her night of fun didn't have to end on a sour note."
2429,1999-10-25,1999,Fall,1991–1999,PAT,1,pat / praise,👏,0.47,"Transit, buses & mobility","Streets, traffic & pedestrian safety | Transit, buses & mobility",Harrisonburg | JMU | Harrisonburg Transit,the Harrisonburg Transit bus drivers,some spirited students,"A ""way-to-support-the-team"" pat to the Harrisonburg Transit bus drivers for wearing JMU football T-shirts while they made their rounds last Friday. Sent in by some spirited studen…","A ""way-to-support-the-team"" pat to the Harrisonburg Transit bus drivers for wearing JMU football T-shirts while they made their rounds last Friday. Sent in by some spirited students who think it's cool when everyone rallies to support the Dukes."
2433,1999-10-29,1999,Fall,1991–1999,DART,-1,dart / criticism,🎯,0.38,Other town-gown moments,,Harrisonburg,Digital Resources Cable Company,two disgruntled students,"A ""what's-the-deal"" dart to Digital Resources Cable Company for not allowing us to watch the Yankees play in the World Series two nights in a row. Sent in by two disgruntled stude…","A ""what's-the-deal"" dart to Digital Resources Cable Company for not allowing us to watch the Yankees play in the World Series two nights in a row. Sent in by two disgruntled students who chalk this up to one more reason why they can't stand Harrisonburg cable."
2456,1999-11-11,1999,Fall,1991–1999,DART,-1,dart / criticism,🎯,0.4,Other town-gown moments,,,Squire Hill,some angry students,"A ""why-are-you-screwing-up-a-good-thing?"" dart to Squire Hill for taking away our cable provider and making us subscribe to a new company that is more expensive. Sent in by some a…","A ""why-are-you-screwing-up-a-good-thing?"" dart to Squire Hill for taking away our cable provider and making us subscribe to a new company that is more expensive. Sent in by some angry students who don't want to pay more money for channels they will never watch."
2476,1999-12-02,1999,Fall,1991–1999,PAT,1,pat / praise,👏,0.38,"Transit, buses & mobility","Streets, traffic & pedestrian safety | Transit, buses & mobility | Weather, environment & infrastructure",Harrisonburg | Harrisonburg Transit,the 7A Harrisonburg Transit driver,some students,"A ""rain-hats-off-to-you"" pat to the 7A Harrisonburg Transit driver who cares enough to open both doors of the bus when it's raining, instead of making us wait to get in the front…","A ""rain-hats-off-to-you"" pat to the 7A Harrisonburg Transit driver who cares enough to open both doors of the bus when it's raining, instead of making us wait to get in the front door. Sent in by some students who think it's important to keep dry and are glad you agree."
2474,1999-12-02,1999,Fall,1991–1999,DART,-1,dart / criticism,🎯,0.43,"Streets, traffic & pedestrian safety","Streets, traffic & pedestrian safety",Main Street,the idiot,a terrified student,"A ""does-the-concept-of-a-crosswalk-confuse-you?"" dart to the idiot who almost ran me over when I was crossing South Main Street Tuesday morning. Sent in by a terrified student who…","A ""does-the-concept-of-a-crosswalk-confuse-you?"" dart to the idiot who almost ran me over when I was crossing South Main Street Tuesday morning. Sent in by a terrified student who thinks that if he takes the time to walk to the crosswalk, he shouldn't have to play the traffic game and worry about getting run over."
2480,1999-12-02,1999,Fall,1991–1999,PAT,1,pat / praise,👏,0.43,"Housing, landlords & apartment life","Police, public safety & city services | Housing, landlords & apartment life",,the guys,an extremely grateful junior,"A ""thanks-for-saving-my-apartment"" pat to the guys who saved the day when my Christmas lights caught on fire. Sent in by an extremely grateful junior who doesn't want to think abo…","A ""thanks-for-saving-my-apartment"" pat to the guys who saved the day when my Christmas lights caught on fire. Sent in by an extremely grateful junior who doesn't want to think about what would have happened had you not seen the flames and come to her rescue."
2501,2000-01-13,2000,Spring,2000–2009,PAT,1,pat / praise,👏,0.45,Other town-gown moments,,Harrisonburg,the guy,a thankful senior,"A ""thanks-for-being-so-courteous"" pat to the guy at the Harrisonburg post office who let me cut in line because I was running late for an important meeting. Sent in by a thankful…","A ""thanks-for-being-so-courteous"" pat to the guy at the Harrisonburg post office who let me cut in line because I was running late for an important meeting. Sent in by a thankful senior who appreciated your help when the line was moving so slowly and hopes to repay your kindness some day."
2495,2000-01-13,2000,Spring,2000–2009,DART,-1,dart / criticism,🎯,0.43,"Housing, landlords & apartment life","Housing, landlords & apartment life | Local businesses & restaurants",,the mouse,some angry Foxhill dwellers,"A ""you-better-watch-your-back"" dart to the mouse in our apartment who ate our food and urinated all over our pantry while we were away from the 'Burg. Sent in by some angry Foxhil…","A ""you-better-watch-your-back"" dart to the mouse in our apartment who ate our food and urinated all over our pantry while we were away from the 'Burg. Sent in by some angry Foxhill dwellers who tried to be nice by using humane traps but are out for blood now."
2496,2000-01-13,2000,Spring,2000–2009,DART,-1,dart / criticism,🎯,0.43,"Housing, landlords & apartment life","Streets, traffic & pedestrian safety | Parking, towing & cars | Housing, landlords & apartment life",South View,South View,an annoyed student,"A ""what-the-heck-did-you-do-to-our-parking-lot?"" dart to South View for destroying what used to be a nice area and covering the place with orange traffic cones. Sent in by an anno…","A ""what-the-heck-did-you-do-to-our-parking-lot?"" dart to South View for destroying what used to be a nice area and covering the place with orange traffic cones. Sent in by an annoyed student who wants to know what was wrong with the lot the way it was last semester and wishes you would rectify the situation."
2512,2000-01-20,2000,Spring,2000–2009,DART,-1,dart / criticism,🎯,0.48,"Transit, buses & mobility","Transit, buses & mobility | Campus edge, construction & expansion",JMU,the MLK Peace marchers,,"An ""I-support-your-cause-but-try-the-sidewalk"" dart to the MLK Peace marchers who closed the roads, stopped the buses and forced me to walk all the way across campus on the coldes…","An ""I-support-your-cause-but-try-the-sidewalk"" dart to the MLK Peace marchers who closed the roads, stopped the buses and forced me to walk all the way across campus on the coldest day so far this year. Sent by a frozen freshman who thinks it's great that JMU observes the day, but is still waiting for his ears to thaw."
2524,2000-01-27,2000,Spring,2000–2009,DART,-1,dart / criticism,🎯,0.4,"Transit, buses & mobility","Transit, buses & mobility | Housing, landlords & apartment life",Harrisonburg Transit | Hunter's Ridge,the jerk,a student,"An ""I-hope-you-get-the-@$#%-beaten-out-of-you-next-time"" dart to the jerk who punched me at the Hunter's Ridge bus stop when I was trying to keep the peace. Sent in by a student w…","An ""I-hope-you-get-the-@$#%-beaten-out-of-you-next-time"" dart to the jerk who punched me at the Hunter's Ridge bus stop when I was trying to keep the peace. Sent in by a student who was having a good night until he had to get five stitches and thinks you should pay his medical bills."
2526,2000-01-27,2000,Spring,2000–2009,DART,-1,dart / criticism,🎯,0.38,"Neighbors, parties & student behavior","Neighbors, parties & student behavior",,the guys,the neighbors below you,"A ""do-you-see-a-problem-here?"" dart to the guys in Ashby who keep throwing huge parties even though their floor is cracked and about to cave in. Sent in by the neighbors below you…","A ""do-you-see-a-problem-here?"" dart to the guys in Ashby who keep throwing huge parties even though their floor is cracked and about to cave in. Sent in by the neighbors below you who wish you would move the dance party elsewhere before it lands in their living room."
2531,2000-01-31,2000,Spring,2000–2009,DART,-1,dart / criticism,🎯,0.41,"Transit, buses & mobility","Transit, buses & mobility",Harrisonburg | JMU | Harrisonburg Transit,all the tall men,a shorty,"An ""I-wish-there-were-some-gentlemen-at-JMU"" dart to all the tall men who refuse to give up their seats on the Harrisonburg Transit when they see short women standing who can't re…","An ""I-wish-there-were-some-gentlemen-at-JMU"" dart to all the tall men who refuse to give up their seats on the Harrisonburg Transit when they see short women standing who can't reach the top bars. Sent in by a shorty who is tired of falling into peoples' laps and wishes you would have a little compassion."
2536,2000-01-31,2000,Spring,2000–2009,PAT,1,pat / praise,👏,0.43,"Housing, landlords & apartment life","Streets, traffic & pedestrian safety | Transit, buses & mobility | Housing, landlords & apartment life | Neighbors, parties & student behavior | Campus edge, construction & expansion",Harrisonburg Transit,my neighbor,a very grateful Fox Hill resident,"An ""I-promise-I'll-never-oversleep-again"" pat to my neighbor who woke up at 7:45 a.m. to drive me to campus when I missed the bus. Sent in by a very grateful Fox Hill resident who…","An ""I-promise-I'll-never-oversleep-again"" pat to my neighbor who woke up at 7:45 a.m. to drive me to campus when I missed the bus. Sent in by a very grateful Fox Hill resident who can't believe she turned her alarm off and thanks you for getting her to her test on time."
2583,2000-02-24,2000,Spring,2000–2009,PAT,1,pat / praise,👏,0.44,Community service & mutual aid,Community service & mutual aid,Harrisonburg,all the volunteers,Tim and Brad,"A ""your-help-was-greatly-appreciated"" pat to all the volunteers who came out to help with the ARC/Canteen Valentine's Dance last week. Sent in by Tim and Brad from Harrisonburg Pa…","A ""your-help-was-greatly-appreciated"" pat to all the volunteers who came out to help with the ARC/Canteen Valentine's Dance last week. Sent in by Tim and Brad from Harrisonburg Parks and Recreation."
2594,2000-03-02,2000,Spring,2000–2009,DART,-1,dart / criticism,🎯,0.4,"Housing, landlords & apartment life","Housing, landlords & apartment life | Neighbors, parties & student behavior",,our klepto neighbors,the girls next door,"A ""someday-something-of-yours-will-be-missing"" dart to our klepto neighbors who think it's cool to steal stuff from our apartment. Sent in by the girls next door who plan to seek…","A ""someday-something-of-yours-will-be-missing"" dart to our klepto neighbors who think it's cool to steal stuff from our apartment. Sent in by the girls next door who plan to seek revenge and want you to know you'll never steal the stool again."
2607,2000-03-27,2000,Spring,2000–2009,DART,-1,dart / criticism,🎯,0.37,"Housing, landlords & apartment life","Streets, traffic & pedestrian safety | Housing, landlords & apartment life",,the management,four guys,"A ""we'll-fix-our-own-blinds-next-time"" dart to the management of College Park at Ashby Crossing. Sent in by four guys who think you already charge enough without charging us for f…","A ""we'll-fix-our-own-blinds-next-time"" dart to the management of College Park at Ashby Crossing. Sent in by four guys who think you already charge enough without charging us for fixing something in our apartment that wasn't even our fault."
2608,2000-03-27,2000,Spring,2000–2009,DART,-1,dart / criticism,🎯,0.4,"Housing, landlords & apartment life","Police, public safety & city services | Housing, landlords & apartment life | Neighbors, parties & student behavior",Harrisonburg Police,the security guard,a student,"A ""way-to-make-me-feel-like-a-criminal"" dart to the security guard at Kroger who followed and stared at me Saturday night. Sent in by a student who doesn't appreciate being given…","A ""way-to-make-me-feel-like-a-criminal"" dart to the security guard at Kroger who followed and stared at me Saturday night. Sent in by a student who doesn't appreciate being given the evil eye from a rent-a-cop while purchasing alcoholic beverages."
2617,2000-03-30,2000,Spring,2000–2009,PAT,1,pat / praise,👏,0.42,Local businesses & restaurants,"Local businesses & restaurants | Downtown, arts & events",Downtown Harrisonburg,the student,a grateful student,"A ""thanks-for-your-honesty"" pat to the student who found my check card outside at a bar downtown last Thursday. Sent in by a grateful student who would lose his head if it wasn't…","A ""thanks-for-your-honesty"" pat to the student who found my check card outside at a bar downtown last Thursday. Sent in by a grateful student who would lose his head if it wasn't attached and is pleased to see people still practice the Golden Rule."
2627,2000-04-03,2000,Spring,2000–2009,PAT,1,pat / praise,👏,0.42,Local businesses & restaurants,"Local businesses & restaurants | Downtown, arts & events | Civic identity, media & reputation",Harrisonburg,Mainstreet Bar and Grill,someone,"A ""thanks-for-saving-my-ears"" pat to Mainstreet Bar and Grill for continuing to bring great bands to Harrisonburg. Sent in by someone who is tired of the local scene and is glad t…","A ""thanks-for-saving-my-ears"" pat to Mainstreet Bar and Grill for continuing to bring great bands to Harrisonburg. Sent in by someone who is tired of the local scene and is glad there's a place to see live music."
2632,2000-04-06,2000,Spring,2000–2009,DART,-1,dart / criticism,🎯,0.43,"Neighbors, parties & student behavior","Housing, landlords & apartment life | Neighbors, parties & student behavior",,the three guys,one apartment,"An ""I-know-you-were-drunk-and-thought-it-was-funny-to-steal-our-keg-but-could-we-have-it-back-now"" dart to the three guys who bailed out with our keg late Friday night. Sent in by…","An ""I-know-you-were-drunk-and-thought-it-was-funny-to-steal-our-keg-but-could-we-have-it-back-now"" dart to the three guys who bailed out with our keg late Friday night. Sent in by one apartment who wants you to know that they will find you, and when they do, you'll be sorry."
2674,2000-04-27,2000,Spring,2000–2009,PAT,1,pat / praise,👏,0.37,"Transit, buses & mobility","Transit, buses & mobility | Housing, landlords & apartment life",Harrisonburg Transit | Hunter's Ridge,the carload of girls,two appreciative girls,"A ""we'd-still-be-waiting"" pat to the carload of girls who picked us up at Hunter's Ridge bus stop while we were waiting for a bus that was never going to come. Sent in by two appr…","A ""we'd-still-be-waiting"" pat to the carload of girls who picked us up at Hunter's Ridge bus stop while we were waiting for a bus that was never going to come. Sent in by two appreciative girls who weren't about to walk."
2681,2000-08-28,2000,Fall,2000–2009,PAT,1,pat / praise,👏,0.5,"Police, public safety & city services","Police, public safety & city services | Civic identity, media & reputation",,the HPD officer,a grateful sophomore,"A ""thanks-for-not-giving-me-a-DIP-even-though-I-oinked-at-you-like-a-pig"" pat to the HPD officer who was outside one local night spot a few nights back. Sent in by a grateful soph…","A ""thanks-for-not-giving-me-a-DIP-even-though-I-oinked-at-you-like-a-pig"" pat to the HPD officer who was outside one local night spot a few nights back. Sent in by a grateful sophomore who thanks you for realizing that what she needed more than anything was to go home and sleep it off."
2678,2000-08-28,2000,Fall,2000–2009,DART,-1,dart / criticism,🎯,0.39,"Housing, landlords & apartment life","Housing, landlords & apartment life | Civic identity, media & reputation",Harrisonburg | JMU,the residents,a student,"A ""why-does-Harrisonburg-sound-like-a-big-city"" dart to the residents of JMU and the ’Burg. Sent in by a student who is tired of the now-commonplace sirens screaming throughout to…","A ""why-does-Harrisonburg-sound-like-a-big-city"" dart to the residents of JMU and the ’Burg. Sent in by a student who is tired of the now-commonplace sirens screaming throughout town regularly."
2700,2000-09-07,2000,Fall,2000–2009,DART,-1,dart / criticism,🎯,0.41,Local businesses & restaurants,Local businesses & restaurants,Harrisonburg,the owner,a former employee,"A ""you-are-the-nastiest, meanest, rudest, chauvinistic, most-obnoxious-jerk-in-Harrisonburg"" dart to the owner of one Harrisonburg restaurant. Sent in by a former employee who kic…","A ""you-are-the-nastiest, meanest, rudest, chauvinistic, most-obnoxious-jerk-in-Harrisonburg"" dart to the owner of one Harrisonburg restaurant. Sent in by a former employee who kicks themself for not leaving much sooner and can’t wait to see your business go down the drain for treating people as badly as you do."
2701,2000-09-07,2000,Fall,2000–2009,DART,-1,dart / criticism,🎯,0.43,"Neighbors, parties & student behavior","Streets, traffic & pedestrian safety | Neighbors, parties & student behavior",Harrisonburg,our stupid cabbie,three very annoyed and very broke juniors,"A ""lets-get-a-clue"" dart to our stupid cabbie who had no idea where we were trying to get to this weekend. Sent in by three very annoyed and very broke juniors who not only had to…","A ""lets-get-a-clue"" dart to our stupid cabbie who had no idea where we were trying to get to this weekend. Sent in by three very annoyed and very broke juniors who not only had to drive all over Harrisonburg because you didn’t know where to go, but then had to pay you full price to do it."
2702,2000-09-07,2000,Fall,2000–2009,DART,-1,dart / criticism,🎯,0.41,"Neighbors, parties & student behavior","Neighbors, parties & student behavior | Downtown, arts & events",,our half-deaf first-floor neighbors,two juniors,"A ""you're-so-inconsiderate"" dart to our half-deaf first-floor neighbors who constantly blare their music all day, oblivious to the fact they actually have neighbors. Sent in by tw…","A ""you're-so-inconsiderate"" dart to our half-deaf first-floor neighbors who constantly blare their music all day, oblivious to the fact they actually have neighbors. Sent in by two juniors who don't enjoy watching their walls, pictures and pans vibrate all day long and wish you'd take some classes in ""neighborly consideration."""
2712,2000-09-11,2000,Fall,2000–2009,DART,-1,dart / criticism,🎯,0.41,Other town-gown moments,,,the HPD,two disgruntled seniors,"A ""find-something-better-to-do-with-your-time"" dart to the HPD for giving two legal students open container violations and then telling them that it was only a $15 fine. Sent in b…","A ""find-something-better-to-do-with-your-time"" dart to the HPD for giving two legal students open container violations and then telling them that it was only a $15 fine. Sent in by two disgruntled seniors who were not happy to find out the fine was actually $40 to enjoy a cold beverage in front of their house."
2708,2000-09-11,2000,Fall,2000–2009,DART,-1,dart / criticism,🎯,0.43,"Streets, traffic & pedestrian safety","Streets, traffic & pedestrian safety",Main Street,the female student,the professor,"A ""how-stupid-can-you-be"" dart to the female student who darted out diagonally through the intersection of South Main and Grace streets last week. Sent in by the professor who alm…","A ""how-stupid-can-you-be"" dart to the female student who darted out diagonally through the intersection of South Main and Grace streets last week. Sent in by the professor who almost hit you and wonders if you remember what happened six months ago to the professor who was crossing at that very intersection."
2718,2000-09-14,2000,Fall,2000–2009,PAT,1,pat / praise,👏,0.37,"Transit, buses & mobility","Streets, traffic & pedestrian safety | Transit, buses & mobility | Housing, landlords & apartment life",Harrisonburg | Harrisonburg Transit | South View,the Harrisonburg Transit driver,some South View seniors,"A ""you-know-how-to-rock"" pat to the Harrisonburg Transit driver who plays Metallica and other tunes we can enjoy while on the bus. Sent in by some South View seniors that want eve…","A ""you-know-how-to-rock"" pat to the Harrisonburg Transit driver who plays Metallica and other tunes we can enjoy while on the bus. Sent in by some South View seniors that want everyone to know that bus 7A rocks."
2747,2000-09-25,2000,Fall,2000–2009,PAT,1,pat / praise,👏,0.48,"Transit, buses & mobility","Streets, traffic & pedestrian safety | Transit, buses & mobility | Neighbors, parties & student behavior | Weather, environment & infrastructure",Harrisonburg Transit,the Route 11 bus driver,two very grateful freshman girls,"A ""thank-you-for-the-awesome-bus-ride"" pat to the Route 11 bus driver on Saturday night for dropping us off at IHOP, turning up the heat when we were cold, and dropping us off dir…","A ""thank-you-for-the-awesome-bus-ride"" pat to the Route 11 bus driver on Saturday night for dropping us off at IHOP, turning up the heat when we were cold, and dropping us off directly in front of our dorm so we didn't have to walk home in the dark. From two very grateful freshman girls who were very cold and scared to walk at night."
2758,2000-10-02,2000,Fall,2000–2009,DART,-1,dart / criticism,🎯,0.53,"Neighbors, parties & student behavior","Police, public safety & city services | Neighbors, parties & student behavior | Campus edge, construction & expansion",JMU,JMU students,an annoyed faculty member,"A ""we'll-all-start-taking-you-seriously-when-you-start-acting-better"" dart to JMU students, who want to be treated like adults but throw rocks at HPD officers, urinate in public,…","A ""we'll-all-start-taking-you-seriously-when-you-start-acting-better"" dart to JMU students, who want to be treated like adults but throw rocks at HPD officers, urinate in public, lie drunk in vomit, destruct personal and university property, incur weekly alcohol poisonings requiring hospitalization and exhibit overall incivility and laziness in our classrooms. From an annoyed faculty member who thinks most JMU students are spoiled brats with too much money and time on their hands, products of parents who should be ashamed for making life too easy for them."
2812,2000-10-30,2000,Fall,2000–2009,PAT,1,pat / praise,👏,0.41,"Police, public safety & city services","Police, public safety & city services | Housing, landlords & apartment life",Harrisonburg | Harrisonburg Police,Officer Sid Hartman,residents of Frederikson Hall,"A ""not-all-cops-in-Harrisonburg-are-bad"" pat to Officer Sid Hartman, who keeps us laughing and feeling safe. Sent in by residents of Frederikson Hall who appreciate your hilarious…","A ""not-all-cops-in-Harrisonburg-are-bad"" pat to Officer Sid Hartman, who keeps us laughing and feeling safe. Sent in by residents of Frederikson Hall who appreciate your hilarious views on the Constitution and your efforts to catch the peeper, and want you to know that you're the coolest cop on the block."
2837,2000-11-16,2000,Fall,2000–2009,DART,-1,dart / criticism,🎯,0.4,"Streets, traffic & pedestrian safety","Streets, traffic & pedestrian safety | Neighbors, parties & student behavior",JMU | Port Republic Road,the Bluestone/Port Republic Road stoplight,two disgruntled seniors,"A ""way-to-be-dysfunctional"" dart to the Bluestone/Port Republic Road stoplight for skipping the JMU entrance and making us sit there and twiddle our thumbs. Sent in by two disgrun…","A ""way-to-be-dysfunctional"" dart to the Bluestone/Port Republic Road stoplight for skipping the JMU entrance and making us sit there and twiddle our thumbs. Sent in by two disgruntled seniors who would rather jump in Newman Lake on a cold Friday night than sit at a light for 10 minutes."
2844,2000-11-20,2000,Fall,2000–2009,DART,-1,dart / criticism,🎯,0.38,"Neighbors, parties & student behavior","Police, public safety & city services | Neighbors, parties & student behavior | Campus edge, construction & expansion",Harrisonburg | Harrisonburg Police,the girls,a senior,"A ""find-something-better-to-do-with-your-pathetic-lives-on-a-Saturday-night"" dart to the girls in the Commons for repeatedly calling the Harrisonburg Police Department on their ne…","A ""find-something-better-to-do-with-your-pathetic-lives-on-a-Saturday-night"" dart to the girls in the Commons for repeatedly calling the Harrisonburg Police Department on their neighbors. From a senior who thinks you need to get a life and make some friends instead of making enemies with people who live in your building."
2846,2000-11-20,2000,Fall,2000–2009,DART,-1,dart / criticism,🎯,0.38,"Neighbors, parties & student behavior","Police, public safety & city services | Housing, landlords & apartment life | Neighbors, parties & student behavior | Weather, environment & infrastructure",,the recycling truck,a townhouse of seniors,"A ""why-do-you-keep-coming-later-and-later?"" dart to the recycling truck that neglected Fox Hill last week. Sent in by a townhouse of seniors who were unable to hide their alcohol…","A ""why-do-you-keep-coming-later-and-later?"" dart to the recycling truck that neglected Fox Hill last week. Sent in by a townhouse of seniors who were unable to hide their alcohol addictions from their parents over the weekend since both of their bins were still full."
2849,2000-11-20,2000,Fall,2000–2009,PAT,1,pat / praise,👏,0.43,Community service & mutual aid,"Parking, towing & cars | Community service & mutual aid",,Darren,a student,"A ""thank-you-so-much-for-stopping"" pat to Darren for helping me get a tow truck and ""getting my story straight"" following my accident on I-81 on Saturday. Sent in by a student who…","A ""thank-you-so-much-for-stopping"" pat to Darren for helping me get a tow truck and ""getting my story straight"" following my accident on I-81 on Saturday. Sent in by a student who wants you to know that you saved them from a ticket and a ton of stress."
2861,2000-12-04,2000,Fall,2000–2009,PAT,1,pat / praise,👏,0.4,Local businesses & restaurants,Local businesses & restaurants,,Nateya from Madison Grill,a grateful freshman,"A ""you-are-the-best-waitress-in-the-world"" pat to Nateya from Madison Grill for making my birthday so memorable. Sent in by a grateful freshman who enjoyed having the whole restau…","A ""you-are-the-best-waitress-in-the-world"" pat to Nateya from Madison Grill for making my birthday so memorable. Sent in by a grateful freshman who enjoyed having the whole restaurant sing to him. The service was spectacular and so are you."
2884,2001-01-18,2001,Spring,2000–2009,DART,-1,dart / criticism,🎯,0.42,"Neighbors, parties & student behavior","Neighbors, parties & student behavior",,whoever,a sophomore female,"A ""thanks-for-stealin'-my-leather-pants"" dart to whoever stole them from Fox Hill Saturday night. Sent in by a sophomore female who thinks you should give them back because she lo…","A ""thanks-for-stealin'-my-leather-pants"" dart to whoever stole them from Fox Hill Saturday night. Sent in by a sophomore female who thinks you should give them back because she looks better in them than you will."
2900,2001-01-25,2001,Spring,2000–2009,DART,-1,dart / criticism,🎯,0.48,"Neighbors, parties & student behavior","Housing, landlords & apartment life | Neighbors, parties & student behavior",,the drunk,a much smarter junior,"A ""could-you-be-any-more-stupid?"" dart to the drunk yelling, ""Hey security guard, come arrest me, I'm 19 and drunk!"" outside the Commons Apartments Friday night. Sent in by a much…","A ""could-you-be-any-more-stupid?"" dart to the drunk yelling, ""Hey security guard, come arrest me, I'm 19 and drunk!"" outside the Commons Apartments Friday night. Sent in by a much smarter junior who would never yell to anyone ""arrest me"" let alone tell them what to arrest me for."
2972,2001-02-26,2001,Spring,2000–2009,PAT,1,pat / praise,👏,0.46,Community service & mutual aid,"Police, public safety & city services | Community service & mutual aid | Civic identity, media & reputation",Harrisonburg | Rockingham County,the Student Ambassadors and all the students,grateful social workers at the Harrisonburg-Rockingham Social Services Department,"A ""many-thanks-for-your-efforts"" pat to the Student Ambassadors and all the students who helped with Operation Santa Claus. Sent in from grateful social workers at the Harrisonbur…","A ""many-thanks-for-your-efforts"" pat to the Student Ambassadors and all the students who helped with Operation Santa Claus. Sent in from grateful social workers at the Harrisonburg-Rockingham Social Services Department who wanted you to know that 120 foster care children in Harrisonburg and Rockingham County had a better Christmas."
3001,2001-03-19,2001,Spring,2000–2009,DART,-1,dart / criticism,🎯,0.38,"Housing, landlords & apartment life","Housing, landlords & apartment life",Harrisonburg,an apartment complex,three disgusted residents,"A ""you-guys-are-cheap-and-dumb"" dart to an apartment complex in Harrisonburg for trying to charge us excessively for access to a vacant room that a few minutes with a credit card…","A ""you-guys-are-cheap-and-dumb"" dart to an apartment complex in Harrisonburg for trying to charge us excessively for access to a vacant room that a few minutes with a credit card can unlock for us anyway. Sent in by three disgusted residents who think the management needs to quit being corrupt and start serving the residents."
3008,2001-03-22,2001,Spring,2000–2009,DART,-1,dart / criticism,🎯,0.41,"Neighbors, parties & student behavior","Police, public safety & city services | Neighbors, parties & student behavior",Harrisonburg Police,our neighbor jerks,some confused juniors,"A ""why-do-you-hate-us-like-a-disease"" dart to our neighbor jerks who have called the cops the last two times we had friends over to grill out. Sent in by some confused juniors who…","A ""why-do-you-hate-us-like-a-disease"" dart to our neighbor jerks who have called the cops the last two times we had friends over to grill out. Sent in by some confused juniors who wonder why you would try to get people in trouble for having a good time instead of politely discussing your problem with us."
3035,2001-04-02,2001,Spring,2000–2009,PAT,1,pat / praise,👏,0.49,"Streets, traffic & pedestrian safety","Streets, traffic & pedestrian safety | Parking, towing & cars | Police, public safety & city services | Local businesses & restaurants",JMU | Main Street | Campus Police / Public Safety,Sgt. Anderson,a senior,"A ""thanks-for-going-out-of-your-way"" pat to Sgt. Anderson of the JMU Police for being kind enough to give me a jump start on Thursday when the auto shop couldn't figure out that t…","A ""thanks-for-going-out-of-your-way"" pat to Sgt. Anderson of the JMU Police for being kind enough to give me a jump start on Thursday when the auto shop couldn't figure out that the ISAT parking lot is not located on South Main Street. Sent in by a senior who is smart enough to drive with her lights on when it rains, but obviously not smart enough to turn the lights off once she is done driving."
3059,2001-04-12,2001,Spring,2000–2009,DART,-1,dart / criticism,🎯,0.41,"Streets, traffic & pedestrian safety","Streets, traffic & pedestrian safety | Parking, towing & cars",Harrisonburg,the students,two ladies,"A ""thanks-for-having-no-class-no-tact-and-no-maturity"" dart to the students driving around Harrisonburg on Saturday throwing water on pedestrians. From two ladies who were feeling…","A ""thanks-for-having-no-class-no-tact-and-no-maturity"" dart to the students driving around Harrisonburg on Saturday throwing water on pedestrians. From two ladies who were feeling really good because they had been doing something productive and took a walk on a beautiful night only to be drenched by a passing car."
3074,2001-04-23,2001,Spring,2000–2009,DART,-1,dart / criticism,🎯,0.38,"Housing, landlords & apartment life","Police, public safety & city services | Housing, landlords & apartment life | Neighbors, parties & student behavior | Local businesses & restaurants | Weather, environment & infrastructure",,our apartment landlord,five tenants,"A ""do-your-freaking-job"" dart to our apartment landlord for promising to fix our house eight months ago and then calling us lazy for not taking the trash out. From five tenants wh…","A ""do-your-freaking-job"" dart to our apartment landlord for promising to fix our house eight months ago and then calling us lazy for not taking the trash out. From five tenants who think you ought to read a book on business ethics or stop taking two semesters to do a weekend""s worth of repairs."
3075,2001-04-23,2001,Spring,2000–2009,PAT,1,pat / praise,👏,0.48,"Parking, towing & cars","Streets, traffic & pedestrian safety | Parking, towing & cars | Police, public safety & city services | Housing, landlords & apartment life | Neighbors, parties & student behavior",Sunchase,the two awesome guys,,"A ""thanks-for-saving-my-inebriated-butt-sanity-and-car"" pat to the two awesome guys at the party in Sunchase last Thursday night. Thank you for calling the police, locating my car…","A ""thanks-for-saving-my-inebriated-butt-sanity-and-car"" pat to the two awesome guys at the party in Sunchase last Thursday night. Thank you for calling the police, locating my car, calling the towing company and maneuvering through a high-speed chase to follow the random tow truck while driving my roommate and me home."
3076,2001-04-23,2001,Spring,2000–2009,PAT,1,pat / praise,👏,0.4,"Transit, buses & mobility","Streets, traffic & pedestrian safety | Transit, buses & mobility",Harrisonburg | Harrisonburg Transit,the bus driver,a student,"A ""thank-you-for-your-incredible-help"" pat to the bus driver of route five who found my very important documents and final projects for three classes. From a student who was saved…","A ""thank-you-for-your-incredible-help"" pat to the bus driver of route five who found my very important documents and final projects for three classes. From a student who was saved from a possible heart attack and is happy to see that Harrisonburg has such honest and trustworthy people."
3084,2001-04-26,2001,Spring,2000–2009,DART,-1,dart / criticism,🎯,0.39,"Housing, landlords & apartment life","Housing, landlords & apartment life",,the management,an irritated resident,"A ""that""s-why-you-drain-it-for-the-winter"" dart to the management of a certain apartment complex for allowing the water to freeze in its pool and acting so surprised when it crack…","A ""that""s-why-you-drain-it-for-the-winter"" dart to the management of a certain apartment complex for allowing the water to freeze in its pool and acting so surprised when it cracked. Sent in by an irritated resident who called to warn you of the danger only to be blown off and who thinks that a little common sense would have residents swimming right now."
3093,2001-08-27,2001,Fall,2000–2009,DART,-1,dart / criticism,🎯,0.4,"Housing, landlords & apartment life","Housing, landlords & apartment life",,NTC,a Homer-deprived couch potato,"A ""where""s-my-Simpsons"" dart to NTC for not including Fox in their cable lineup for a certain apartment complex. Sent in by a Homer-deprived couch potato who would be much more up…","A ""where""s-my-Simpsons"" dart to NTC for not including Fox in their cable lineup for a certain apartment complex. Sent in by a Homer-deprived couch potato who would be much more upset if his cable service wasn""t free."
3098,2001-08-30,2001,Fall,2000–2009,PAT,1,pat / praise,👏,0.4,Community service & mutual aid,Community service & mutual aid,Harrisonburg,the Harrisonburg firefighters,the Fox Hills girls,"A ""you-are-the-nicest-guys-ever"" pat to the Harrisonburg firefighters who helped us open our front door when a key broke off in it while they were making rounds. Sent in by the Fo…","A ""you-are-the-nicest-guys-ever"" pat to the Harrisonburg firefighters who helped us open our front door when a key broke off in it while they were making rounds. Sent in by the Fox Hills girls who are extremely glad you saw that we needed help and assisted us."
3105,2001-09-06,2001,Fall,2000–2009,DART,-1,dart / criticism,🎯,0.4,Local businesses & restaurants,"Streets, traffic & pedestrian safety | Local businesses & restaurants",Harrisonburg,a certain large corporate chain,some irate customers,"A ""train-your-employees"" dart to a certain large corporate chain of stores which has a Harrisonburg branch with particularly long lines and terrible service. From some irate custo…","A ""train-your-employees"" dart to a certain large corporate chain of stores which has a Harrisonburg branch with particularly long lines and terrible service. From some irate customers who have pets more intelligent than your cashiers."
3110,2001-09-10,2001,Fall,2000–2009,DART,-1,dart / criticism,🎯,0.38,"Housing, landlords & apartment life","Housing, landlords & apartment life | Downtown, arts & events",,the creep,a now music-less junior,"A ""return-my-stuff"" dart to the creep who decided to let himself into my apartment and help himself to my 250-plus CD collection. Sent in by a now music-less junior who would have…","A ""return-my-stuff"" dart to the creep who decided to let himself into my apartment and help himself to my 250-plus CD collection. Sent in by a now music-less junior who would have been much more content with making you a mix tape if only you had asked."
3114,2001-09-10,2001,Fall,2000–2009,DART,-1,dart / criticism,🎯,0.42,"Parking, towing & cars","Streets, traffic & pedestrian safety | Parking, towing & cars | Housing, landlords & apartment life | Neighbors, parties & student behavior",Madison Manor,the drunk girl,a junior,"A ""way-to-drink-and-drive"" dart to the drunk girl who hit the curb with her car at Madison Manor, resulting in two blown-out tires Monday night. From a junior who hopes you only d…","A ""way-to-drink-and-drive"" dart to the drunk girl who hit the curb with her car at Madison Manor, resulting in two blown-out tires Monday night. From a junior who hopes you only did damage to your car and not anyone else."
3132,2001-09-24,2001,Fall,2000–2009,PAT,1,pat / praise,👏,0.4,"Neighbors, parties & student behavior","Police, public safety & city services | Housing, landlords & apartment life | Neighbors, parties & student behavior",Harrisonburg Police | South View,my friends,a grateful sophomore,"A ""way-to-never-give-up"" pat to my friends in South View who decided to keep the party going all night long after being rudely interrupted twice by the cops the other weekend. Fro…","A ""way-to-never-give-up"" pat to my friends in South View who decided to keep the party going all night long after being rudely interrupted twice by the cops the other weekend. From a grateful sophomore who speaks for everyone there in saying it was one of the best parties we've been to."
3133,2001-09-27,2001,Fall,2000–2009,PAT,1,pat / praise,👏,0.45,Community service & mutual aid,"Parking, towing & cars | Community service & mutual aid",Harrisonburg,the Harrisonburg Rescue Squad and everyone,a sophomore,"A ""thank-you-so-very-much"" pat to the Harrisonburg Rescue Squad and everyone involved with my incident the other day. Sent in by a sophomore who had a close encounter with a car a…","A ""thank-you-so-very-much"" pat to the Harrisonburg Rescue Squad and everyone involved with my incident the other day. Sent in by a sophomore who had a close encounter with a car and is extremely thankful to all the wonderful people who helped him in his time of need."
3137,2001-09-27,2001,Fall,2000–2009,PAT,1,pat / praise,👏,0.4,"Transit, buses & mobility","Transit, buses & mobility | Neighbors, parties & student behavior | Campus edge, construction & expansion",Harrisonburg | Harrisonburg Transit,the two wonderful people,six freshmen,"An ""upperclassmen-rock"" pat to the two wonderful people who gave us a ride back to campus from the movies Friday night in their Explorer. Sent in by six freshmen who were tired fr…","An ""upperclassmen-rock"" pat to the two wonderful people who gave us a ride back to campus from the movies Friday night in their Explorer. Sent in by six freshmen who were tired from sitting in the cold, waiting for the ""timely"" Harrisonburg bus system to shuttle them back to Hoffman."
3136,2001-09-27,2001,Fall,2000–2009,DART,-1,dart / criticism,🎯,0.4,"Housing, landlords & apartment life","Housing, landlords & apartment life | Neighbors, parties & student behavior",,the low-rent thief,a wiser senior,"A ""this-isn't-Circuit-City"" dart to the low-rent thief who enjoyed good brew and hospitality at my party last Saturday and walked right out the front door with my silver boombox.…","A ""this-isn't-Circuit-City"" dart to the low-rent thief who enjoyed good brew and hospitality at my party last Saturday and walked right out the front door with my silver boombox. Sent in by a wiser senior who recognizes that the world is sometimes a dump because of jerks like you."
3141,2001-10-01,2001,Fall,2000–2009,DART,-1,dart / criticism,🎯,0.38,"Parking, towing & cars","Parking, towing & cars | Housing, landlords & apartment life | Local businesses & restaurants",South View,the owner,a sophomore,"A ""let-us-sleep"" dart to the owner of the car with the alarm that went off in South View's parking lot five times early Sunday morning. Sent in by a sophomore who needs her sleep…","A ""let-us-sleep"" dart to the owner of the car with the alarm that went off in South View's parking lot five times early Sunday morning. Sent in by a sophomore who needs her sleep and finds the whole neighborhood up with her when you leave the security system on the wrong setting."
3150,2001-10-04,2001,Fall,2000–2009,DART,-1,dart / criticism,🎯,0.51,"Housing, landlords & apartment life","Police, public safety & city services | Housing, landlords & apartment life | Neighbors, parties & student behavior",Sunchase,the selfish jerks,four angry Sunchase residents,"A ""have-you-no-conscience"" dart to the selfish jerks who walked into our apartment on Monday and stole the $150 we raised at our party Friday night to send to the New York Fire De…","A ""have-you-no-conscience"" dart to the selfish jerks who walked into our apartment on Monday and stole the $150 we raised at our party Friday night to send to the New York Fire Department. Sent in by four angry Sunchase residents who hope this comes back to you tenfold for stealing from a great cause."
3168,2001-10-15,2001,Fall,2000–2009,DART,-1,dart / criticism,🎯,0.4,"Transit, buses & mobility","Transit, buses & mobility",Harrisonburg | Harrisonburg Transit,the selfish student,a student,"A ""learn-to-walk-faster"" dart to the selfish student who wrote in complaining about bus space. Sent in by a student who obviously did not receive this year's Harrisonburg Transit…","A ""learn-to-walk-faster"" dart to the selfish student who wrote in complaining about bus space. Sent in by a student who obviously did not receive this year's Harrisonburg Transit etiquette book and foolishly thought the buses were for everyone."
3174,2001-10-18,2001,Fall,2000–2009,DART,-1,dart / criticism,🎯,0.43,"Parking, towing & cars","Streets, traffic & pedestrian safety | Parking, towing & cars | Police, public safety & city services | Housing, landlords & apartment life | Neighbors, parties & student behavior",Hunter's Ridge,the individual,a stunned sophomore,"A ""thanks-for-making-me-think-my-car-was-stolen"" dart to the individual who took my car and moved it from the Hunters Ridge parking lot to the middle of the road in Ashby Crossing…","A ""thanks-for-making-me-think-my-car-was-stolen"" dart to the individual who took my car and moved it from the Hunters Ridge parking lot to the middle of the road in Ashby Crossing this weekend without telling me. From a stunned sophomore who isn't at all happy about the police searching for her car and having to throw away $50 to retrieve it. "
3237,2002-01-10,2002,Spring,2000–2009,PAT,1,pat / praise,👏,0.43,Community service & mutual aid,"Police, public safety & city services | Community service & mutual aid",Harrisonburg | Rockingham County | JMU,the JMU Student Ambassadors,an admirer of your efforts,"A ""thanks-for-making-Christmas-special-for-foster-children-in-Rockingham-County-and-Harrisonburg"" pat to the JMU Student Ambassadors who participated in Operation Santa Claus; sen…","A ""thanks-for-making-Christmas-special-for-foster-children-in-Rockingham-County-and-Harrisonburg"" pat to the JMU Student Ambassadors who participated in Operation Santa Claus; sent in by an admirer of your efforts who knows the children's faces must have made it all worthwhile. "
3261,2002-01-24,2002,Spring,2000–2009,PAT,1,pat / praise,👏,0.43,Community service & mutual aid,"Parking, towing & cars | Housing, landlords & apartment life | Community service & mutual aid",South View,the two young men,two upset students,"A ""you-disrupt-the-stereotype"" pat to the two young men at the South View Towing Service for helping me fix a flat tire at 3:30 a.m. when roadside assistance never showed up. Sent…","A ""you-disrupt-the-stereotype"" pat to the two young men at the South View Towing Service for helping me fix a flat tire at 3:30 a.m. when roadside assistance never showed up. Sent in by two upset students who could have been stranded if it weren't for you helping us out."
3301,2002-02-18,2002,Spring,2000–2009,PAT,1,pat / praise,👏,0.45,"Civic identity, media & reputation","Civic identity, media & reputation",Harrisonburg,the Harrisonburg community,the director of the piece,"A ""thank-you-for-supporting-a-great-cause"" pat to the Harrisonburg community for coming out to ""The Vagina Monologues."" From the director of the piece who will be very proud to gi…","A ""thank-you-for-supporting-a-great-cause"" pat to the Harrisonburg community for coming out to ""The Vagina Monologues."" From the director of the piece who will be very proud to give Harrisonburg Citizens Against Sexual Assault a check for $2,085 raised from their three performances."
3312,2002-02-25,2002,Spring,2000–2009,PAT,1,pat / praise,👏,0.48,Community service & mutual aid,"Downtown, arts & events | Community service & mutual aid",Mercy House,Delta Gamma and Kappa Pi,some Mercy House volunteers,"A ""thank you"" pat to Delta Gamma and Kappa Pi for the huge box of art supplies they donated to the Mercy House children's after-school program. Sent in by some Mercy House volunte…","A ""thank you"" pat to Delta Gamma and Kappa Pi for the huge box of art supplies they donated to the Mercy House children's after-school program. Sent in by some Mercy House volunteers who want you to know that thanks to your kindness and your organizations, our new art therapy program has expanded greatly."
3316,2002-02-28,2002,Spring,2000–2009,DART,-1,dart / criticism,🎯,0.38,"Parking, towing & cars","Streets, traffic & pedestrian safety | Parking, towing & cars | Police, public safety & city services | Housing, landlords & apartment life | Neighbors, parties & student behavior",South View,the princess,your neighbors,"An ""I-didn't-know-we-were-living-among-royalty"" dart to the princess in South View who insists on parking in the fire lane every day. Sent in by your neighbors who think that your…","An ""I-didn't-know-we-were-living-among-royalty"" dart to the princess in South View who insists on parking in the fire lane every day. Sent in by your neighbors who think that your legs work just as well as ours and that you can walk from another parking spot."
3317,2002-02-28,2002,Spring,2000–2009,DART,-1,dart / criticism,🎯,0.43,"Neighbors, parties & student behavior","Neighbors, parties & student behavior",JMU,the guy,four girls,"A ""learn-to-be-respectful"" dart to the guy who urinated on the window of our neighbors downstairs, kicked down their door and threatened to kill them We really appreciate your stu…","A ""learn-to-be-respectful"" dart to the guy who urinated on the window of our neighbors downstairs, kicked down their door and threatened to kill them We really appreciate your stupidity. From four girls who expected more from the JMU male population but guess we still have to wait until you all grow up."
3323,2002-03-14,2002,Spring,2000–2009,DART,-1,dart / criticism,🎯,0.41,"Streets, traffic & pedestrian safety","Streets, traffic & pedestrian safety",Main Street,the girl,a fellow pedestrian,"An ""are-you-trying-to-get-a-Darwin-award?"" dart to the girl who foolishly crossed South Main Street through two lines of stopped traffic and just in front of a speeding ambulance…","An ""are-you-trying-to-get-a-Darwin-award?"" dart to the girl who foolishly crossed South Main Street through two lines of stopped traffic and just in front of a speeding ambulance with its lights and sirens on. From a fellow pedestrian who watched in horror as you almost got run over and was extremely disheartened by your lack of common sense."
3340,2002-03-25,2002,Spring,2000–2009,DART,-1,dart / criticism,🎯,0.37,"Neighbors, parties & student behavior","Housing, landlords & apartment life | Neighbors, parties & student behavior | Downtown, arts & events",,my neighbors,a junior,"A ""we-live-in-a-place-with-thin-walls"" dart to my neighbors who blare their music at 1 a.m. Sent in by a junior who lives by herself because she didn't want to deal with the noise…","A ""we-live-in-a-place-with-thin-walls"" dart to my neighbors who blare their music at 1 a.m. Sent in by a junior who lives by herself because she didn't want to deal with the noise of a roommate."
3360,2002-04-08,2002,Spring,2000–2009,DART,-1,dart / criticism,🎯,0.44,"Housing, landlords & apartment life","Parking, towing & cars | Housing, landlords & apartment life | Campus edge, construction & expansion",,a certain apartment complex,an annoyed resident,"An ""I-know-where-I'm-not-living-next-year"" dart to a certain apartment complex for enforcing seven-days-a-week towing because of lack of parking for residents and then further inc…","An ""I-know-where-I'm-not-living-next-year"" dart to a certain apartment complex for enforcing seven-days-a-week towing because of lack of parking for residents and then further increasing the problem by making two spaces from every building handicap. Sent in by an annoyed resident who thinks that if your goal is to make the buildings more handicap-accessible you should start drawing up your plans to put in elevators."
3361,2002-04-11,2002,Spring,2000–2009,PAT,1,pat / praise,👏,0.42,"Neighbors, parties & student behavior","Neighbors, parties & student behavior | Downtown, arts & events",Harrisonburg | Macrock,all of the MACRoCk staff,a WXJM-er,"A ""thank-you-for-all-your-hard-work"" pat to all of the MACRoCk staff who worked double-overtime this weekend. From a WXJM-er who was super-impressed with how smoothly everything r…","A ""thank-you-for-all-your-hard-work"" pat to all of the MACRoCk staff who worked double-overtime this weekend. From a WXJM-er who was super-impressed with how smoothly everything ran and loves Harrisonburg's independent rock 'n' roll in the ’Burg."
3375,2002-04-18,2002,Spring,2000–2009,DART,-1,dart / criticism,🎯,0.4,"Neighbors, parties & student behavior","Neighbors, parties & student behavior",,the townie,a junior,"A ""thanks-for-urinating-in-my-bed-and-not-leaving-until-three-in-the-afternoon"" dart to the townie that had a sleepover at my place this weekend. Sent in by a junior who's looking…","A ""thanks-for-urinating-in-my-bed-and-not-leaving-until-three-in-the-afternoon"" dart to the townie that had a sleepover at my place this weekend. Sent in by a junior who's looking for love in all the wrong places."
3387,2002-04-25,2002,Spring,2000–2009,PAT,1,pat / praise,👏,0.43,"Neighbors, parties & student behavior","Housing, landlords & apartment life | Neighbors, parties & student behavior",,the guy,someone,"A ""hope-your-foot-feels-better-soon"" pat to the guy whose foot apparently was run over outside my apartment Saturday night. Sent in by someone who was trying (unsuccessfully) to s…","A ""hope-your-foot-feels-better-soon"" pat to the guy whose foot apparently was run over outside my apartment Saturday night. Sent in by someone who was trying (unsuccessfully) to sleep, overheard the whole thing and thinks you deserve better for keeping your friend from driving home drunk."
3426,2002-09-19,2002,Fall,2000–2009,DART,-1,dart / criticism,🎯,0.4,"Downtown, arts & events","Downtown, arts & events",Harrisonburg,the harassing WXJM caller,a new disc jockey at the station,"A ""don't-be-an-elitist-indie-rock-meanie"" dart to the harassing WXJM caller who claimed Harrisonburg radio stations were superior to my show. From a new disc jockey at the station…","A ""don't-be-an-elitist-indie-rock-meanie"" dart to the harassing WXJM caller who claimed Harrisonburg radio stations were superior to my show. From a new disc jockey at the station who could have done without the tears to start off the week."
3431,2002-09-23,2002,Fall,2000–2009,PAT,1,pat / praise,👏,0.4,Local businesses & restaurants,"Parking, towing & cars | Local businesses & restaurants",,the guy,a senior,"A ""you-saved-my-day"" pat to the guy and girl in Southview who knocked on doors in the middle of the night to find the owner of the Blazer with the lights on. Sent in by a senior w…","A ""you-saved-my-day"" pat to the guy and girl in Southview who knocked on doors in the middle of the night to find the owner of the Blazer with the lights on. Sent in by a senior who always has car trouble and really appreciated not having to go through it again."
3439,2002-09-26,2002,Fall,2000–2009,DART,-1,dart / criticism,🎯,0.41,"Streets, traffic & pedestrian safety","Streets, traffic & pedestrian safety",Main Street,the dangerously rude drivers,a professor,"A ""learn-the-rules-of-the-road-or-at-least-discover-the-concept-of-common-courtesy"" dart to the dangerously rude drivers who don't yield to pedestrians at the corner of Grace and…","A ""learn-the-rules-of-the-road-or-at-least-discover-the-concept-of-common-courtesy"" dart to the dangerously rude drivers who don't yield to pedestrians at the corner of Grace and South Main streets when the ""walk"" signal is on. From a professor who wonders if these impatient drivers have an inkling of how bad they would feel if they killed or seriously injured a pedestrian."
3444,2002-09-30,2002,Fall,2000–2009,DART,-1,dart / criticism,🎯,0.42,"Housing, landlords & apartment life","Housing, landlords & apartment life | Neighbors, parties & student behavior",,our idiot neighbors,a senior,"A ""thanks-for-being-so-crap-tastic"" dart to our idiot neighbors for shooting out windows with a BB gun. Sent in by a senior who didn't realize that our apartment complex had sudde…","A ""thanks-for-being-so-crap-tastic"" dart to our idiot neighbors for shooting out windows with a BB gun. Sent in by a senior who didn't realize that our apartment complex had suddenly become the new ghetto."
3449,2002-10-03,2002,Fall,2000–2009,PAT,1,pat / praise,👏,0.44,"Neighbors, parties & student behavior","Housing, landlords & apartment life | Neighbors, parties & student behavior | Campus edge, construction & expansion",,the incredibly cute guy,a super-shy girl,"A ""thanks-for-climbing-up-the-balcony-outside-our-second-story-apartment-building"" pat to the incredibly cute guy who risked broken bones and the drunk neighbors' BB guns to add a…","A ""thanks-for-climbing-up-the-balcony-outside-our-second-story-apartment-building"" pat to the incredibly cute guy who risked broken bones and the drunk neighbors' BB guns to add a little something special to my Saturday night. Sent in by a super-shy girl who thinks you're the hottest thing ever and will make your night by climbing in your window this weekend."
3461,2002-10-10,2002,Fall,2000–2009,PAT,1,pat / praise,👏,0.45,"Parking, towing & cars","Transit, buses & mobility | Parking, towing & cars | Housing, landlords & apartment life | Weather, environment & infrastructure",,the girl,a very grateful guy,"An ""I'm-singing-out-of-the-rain"" pat to the girl who selflessly gave me a ride back to my apartment after I locked my keys and my phone in my car in the pouring down rain at BAT.…","An ""I'm-singing-out-of-the-rain"" pat to the girl who selflessly gave me a ride back to my apartment after I locked my keys and my phone in my car in the pouring down rain at BAT. Sent in by a very grateful guy who might still be standing in the parking lot had she not been so sweet."
3484,2002-10-24,2002,Fall,2000–2009,DART,-1,dart / criticism,🎯,0.37,"Housing, landlords & apartment life","Police, public safety & city services | Housing, landlords & apartment life | Civic identity, media & reputation",Harrisonburg Police,the girls,a resident,"A ""do-we-live-in-student-apartments-or-a-retirement-community?"" dart to the girls above us who called the cops at 10:30 p.m. on Thursday. Sent in by a resident who is baffled by h…","A ""do-we-live-in-student-apartments-or-a-retirement-community?"" dart to the girls above us who called the cops at 10:30 p.m. on Thursday. Sent in by a resident who is baffled by how hard it is to come downstairs instead of calling the cops."
3496,2002-10-31,2002,Fall,2000–2009,DART,-1,dart / criticism,🎯,0.4,"Neighbors, parties & student behavior","Housing, landlords & apartment life | Neighbors, parties & student behavior | Local businesses & restaurants",,the drunk-o,three juniors,"A ""two-stench-is-enough"" dart to the drunk-o who vomited in our stairwell this weekend. Sent in by three juniors who now have to hold their breath when they leave their apartment…","A ""two-stench-is-enough"" dart to the drunk-o who vomited in our stairwell this weekend. Sent in by three juniors who now have to hold their breath when they leave their apartment not only because of the dog food stench but because of your heinous chunks."
3501,2002-11-07,2002,Fall,2000–2009,PAT,1,pat / praise,👏,0.44,"Streets, traffic & pedestrian safety","Streets, traffic & pedestrian safety | Police, public safety & city services",Harrisonburg | City of Harrisonburg | JMU,the fellow JMU driver,a still-shaken sophomore,"A ""thanks-for-being-concerned"" pat to the fellow JMU driver who pulled over to make sure we were all OK after a small fender-bender in front of Sheetz Sunday night. Sent in by a s…","A ""thanks-for-being-concerned"" pat to the fellow JMU driver who pulled over to make sure we were all OK after a small fender-bender in front of Sheetz Sunday night. Sent in by a still-shaken sophomore who isn’t quite used to driving in the big friendly city of Harrisonburg and is glad there are people who still care enough to pull over when they see an accident."
3534,2002-12-05,2002,Fall,2000–2009,DART,-1,dart / criticism,🎯,0.41,"Streets, traffic & pedestrian safety","Streets, traffic & pedestrian safety",Harrisonburg,the Harrisonburg traffic commission,a frustrated sophomore,"A ""your-timing-sucks"" dart to the Harrisonburg traffic commission for deciding to install a traffic light right in front of Interstate 81 on the day that all 15,000 students were…","A ""your-timing-sucks"" dart to the Harrisonburg traffic commission for deciding to install a traffic light right in front of Interstate 81 on the day that all 15,000 students were rushing to get home. Sent in by a frustrated sophomore who started her six-hour drive home by spending 15 minutes getting out of Ashby, only to sit for another 20 minutes before getting on I-81."
3536,2003-01-16,2003,Spring,2000–2009,PAT,1,pat / praise,👏,0.46,"Neighbors, parties & student behavior","Neighbors, parties & student behavior | Community service & mutual aid",Harrisonburg | JMU,the Harrisonburg High School cheerleaders,a fan,"A ""thanks-for-showing-your-spirit"" pat to the Harrisonburg High School cheerleaders for coming out to the women's basketball game against Hofstra. It was nice to have some added n…","A ""thanks-for-showing-your-spirit"" pat to the Harrisonburg High School cheerleaders for coming out to the women's basketball game against Hofstra. It was nice to have some added noise for the occasion. From a fan who doesn't understand why the JMU cheerleaders were missing the entire break when other schools had their cheerleaders at games."
3541,2003-01-16,2003,Spring,2000–2009,DART,-1,dart / criticism,🎯,0.41,"Neighbors, parties & student behavior","Housing, landlords & apartment life | Neighbors, parties & student behavior",,the disrespectful person,three annoyed sophomores,"A ""that's-quite-distasteful"" dart to the disrespectful person who found it necessary to steal our life-size Britney Spears cut-out from our apartment during a party last weekend.…","A ""that's-quite-distasteful"" dart to the disrespectful person who found it necessary to steal our life-size Britney Spears cut-out from our apartment during a party last weekend. From three annoyed sophomores who find it utterly discourteous for a guest in our house to steal such a valued possession from us."
3555,2003-01-27,2003,Spring,2000–2009,DART,-1,dart / criticism,🎯,0.39,"Streets, traffic & pedestrian safety","Streets, traffic & pedestrian safety | Civic identity, media & reputation",,the Virginia Department of Transportation,a senior,"A ""have-you-ever-friggin-driven-before"" dart to the Virginia Department of Transportation for turning off the traffic signals at Cantrell Avenue and Mason Street like clockwork at…","A ""have-you-ever-friggin-driven-before"" dart to the Virginia Department of Transportation for turning off the traffic signals at Cantrell Avenue and Mason Street like clockwork at 6 p.m. Sent in by a senior who thinks it's more than frustrating to drive through this intersection without a stoplight while new lights are popping up like weeds in other places in town."
3600,2003-02-24,2003,Spring,2000–2009,PAT,1,pat / praise,👏,0.43,Community service & mutual aid,"Parking, towing & cars | Community service & mutual aid | Weather, environment & infrastructure",,the two freshmen guys,two thankful senior girls,"A ""thanks-for-proving-chivalry-is-not-a-thing-of-the-past"" pat to the two freshmen guys who graciously helped us shovel our car out of the snow mound in front of Dave's. Sent in b…","A ""thanks-for-proving-chivalry-is-not-a-thing-of-the-past"" pat to the two freshmen guys who graciously helped us shovel our car out of the snow mound in front of Dave's. Sent in by two thankful senior girls who were only able to make it home in time for the ""Joe Millionaire"" finale with your help."
3634,2003-08-28,2003,Fall,2000–2009,PAT,1,pat / praise,👏,0.38,"Housing, landlords & apartment life","Housing, landlords & apartment life",South View,the South View maintenance men,four senior girls,"A ""you-all-are-braver-than-I-am-for-sticking-your-hand-down-the-disposal"" pat to the South View maintenance men for getting the rocks out of our garbage disposal after we made a m…","A ""you-all-are-braver-than-I-am-for-sticking-your-hand-down-the-disposal"" pat to the South View maintenance men for getting the rocks out of our garbage disposal after we made a mess cleaning out the fish tank. From four senior girls who aren't that handy but are glad to have strong men like you to get their rocks out."
3654,2003-09-11,2003,Fall,2000–2009,DART,-1,dart / criticism,🎯,0.4,"Streets, traffic & pedestrian safety","Streets, traffic & pedestrian safety | Police, public safety & city services",Harrisonburg | City of Harrisonburg,the City of Harrisonburg,many angry Mason Street dwellers,"A ""we-should-have-known-we'd-get-screwed-when-we-came-back"" dart to the City of Harrisonburg for sending threatening letters demanding removal of ""indoor"" furniture from the porch…","A ""we-should-have-known-we'd-get-screwed-when-we-came-back"" dart to the City of Harrisonburg for sending threatening letters demanding removal of ""indoor"" furniture from the porch. From many angry Mason Street dwellers who wonder why it's a problem now after two years of peace."
3679,2003-09-25,2003,Fall,2000–2009,PAT,1,pat / praise,👏,0.4,"Housing, landlords & apartment life","Housing, landlords & apartment life",Sunchase,all the people,one of the balcony onlookers,"A ""thanks-for-being-crazy-drunks"" pat to all the people who went hurricane sliding — sledding on wet grass in shorts — down the Sunchase hill last Thursday. From one of the balcon…","A ""thanks-for-being-crazy-drunks"" pat to all the people who went hurricane sliding — sledding on wet grass in shorts — down the Sunchase hill last Thursday. From one of the balcony onlookers who nearly peed her pants from laughing."
3687,2003-09-29,2003,Fall,2000–2009,DART,-1,dart / criticism,🎯,0.41,"Civic identity, media & reputation","Housing, landlords & apartment life | Neighbors, parties & student behavior | Civic identity, media & reputation",Harrisonburg | JMU | The Breeze,the house editorial,a resident of Harrisonburg and a graduate of JMU,"A ""give-me-a-break"" dart to the house editorial in the Sept. 22 issue of The Breeze for being so self-absorbed that you can't see past your own beer bong to the utter destruction…","A ""give-me-a-break"" dart to the house editorial in the Sept. 22 issue of The Breeze for being so self-absorbed that you can't see past your own beer bong to the utter destruction and death caused by Hurricane Isabel. From a resident of Harrisonburg and a graduate of JMU who is outraged by your lack of concern and care for the larger community."
3724,2003-11-13,2003,Fall,2000–2009,PAT,1,pat / praise,👏,0.4,"Police, public safety & city services","Police, public safety & city services | Neighbors, parties & student behavior",Harrisonburg Police,the vandal,a sophomore,"A ""you-don't-know-how-amazing-your-timing-was"" pat to the vandal breaking into my neighborhood on Halloween night. From a sophomore who was already handcuffed but was let go by a…","A ""you-don't-know-how-amazing-your-timing-was"" pat to the vandal breaking into my neighborhood on Halloween night. From a sophomore who was already handcuffed but was let go by a police officer who had to attend your little incident."
3743,2003-11-24,2003,Fall,2000–2009,DART,-1,dart / criticism,🎯,0.4,"Neighbors, parties & student behavior","Neighbors, parties & student behavior",,the brothers,a group of senior girls,"A ""please-grow-up-and-act-like-the-Southern-gentlemen-you-all-claim-to-be"" dart to the brothers of a certain fraternity who think it is cool to tip over the dumpster every weekend…","A ""please-grow-up-and-act-like-the-Southern-gentlemen-you-all-claim-to-be"" dart to the brothers of a certain fraternity who think it is cool to tip over the dumpster every weekend in Forest Hills. From a group of senior girls who cannot wait to graduate and meet boys with class."
3763,2004-01-20,2004,Spring,2000–2009,DART,-1,dart / criticism,🎯,0.37,"Housing, landlords & apartment life","Housing, landlords & apartment life | Neighbors, parties & student behavior",,the immature boys,four girls,"A ""grow-up-and-get-a-life"" dart to the immature boys who trashed our apartment and picked a fight with one of our roommates. From four girls who think that any guy who would fight…","A ""grow-up-and-get-a-life"" dart to the immature boys who trashed our apartment and picked a fight with one of our roommates. From four girls who think that any guy who would fight a girl needs to be committed."
3783,2004-01-29,2004,Spring,2000–2009,DART,-1,dart / criticism,🎯,0.4,"Transit, buses & mobility","Transit, buses & mobility | Community service & mutual aid",Harrisonburg | JMU | Harrisonburg Transit,JMU and the Harrisonburg Department of Public Transportation,a chilled student,"An ""I'm-freezing-my-short-and-curlies-off"" dart to JMU and the Harrisonburg Department of Public Transportation for starting school before the buses are running and not telling an…","An ""I'm-freezing-my-short-and-curlies-off"" dart to JMU and the Harrisonburg Department of Public Transportation for starting school before the buses are running and not telling anyone that they aren't running. From a chilled student who waited 45 minutes in the cold."
3778,2004-01-29,2004,Spring,2000–2009,PAT,1,pat / praise,👏,0.46,"Parking, towing & cars","Parking, towing & cars | Housing, landlords & apartment life | Community service & mutual aid | Weather, environment & infrastructure",JMU | South View,the band,two South View girls,"A ""thanks-for-proving-that-some-guys-at-JMU-do-exist"" pat to the band that helped push our car after it got stuck in the snow and also to the gems that shoveled us out of the Comm…","A ""thanks-for-proving-that-some-guys-at-JMU-do-exist"" pat to the band that helped push our car after it got stuck in the snow and also to the gems that shoveled us out of the Commons' parking lot for 20 minutes. From two South View girls who decided it would be a good idea to back out in the snow in their not-so-snow-equipped car."
3784,2004-02-02,2004,Spring,2000–2009,PAT,1,pat / praise,👏,0.4,"Housing, landlords & apartment life","Streets, traffic & pedestrian safety | Housing, landlords & apartment life | Campus edge, construction & expansion",JMU | Sunchase,the guy,a hitchhiking freshman,"A ""you-make-JMU-a-friendlier-place"" pat to the guy and girl in a white van who drove me back to campus from SunChase. From a hitchhiking freshman who was scooped off the road at 2…","A ""you-make-JMU-a-friendlier-place"" pat to the guy and girl in a white van who drove me back to campus from SunChase. From a hitchhiking freshman who was scooped off the road at 2:30 a.m. and delivered safely to the Village."
3818,2004-02-23,2004,Spring,2000–2009,PAT,1,pat / praise,👏,0.4,"Streets, traffic & pedestrian safety","Streets, traffic & pedestrian safety",,the girl,a commuting junior,"A ""thanks-for-going-out-of-your-way"" pat to the girl who risked her life and ran into traffic on Reservoir Street just to move a traffic cone for me. From a commuting junior who r…","A ""thanks-for-going-out-of-your-way"" pat to the girl who risked her life and ran into traffic on Reservoir Street just to move a traffic cone for me. From a commuting junior who respects a girl performing random acts of kindness."
3820,2004-02-26,2004,Spring,2000–2009,PAT,1,pat / praise,👏,0.43,Community service & mutual aid,"Local businesses & restaurants | Downtown, arts & events | Community service & mutual aid | Civic identity, media & reputation",JMU | Downtown Harrisonburg,the downtown businesses,a senior,"A ""finally-thank-you"" pat to the downtown businesses with JMU Dukes flags that are offering discounts for local students. From a senior who has waited four years for the people wh…","A ""finally-thank-you"" pat to the downtown businesses with JMU Dukes flags that are offering discounts for local students. From a senior who has waited four years for the people who make money here, instead of selling rival universities' school supplies like a certain national chain."
3824,2004-02-26,2004,Spring,2000–2009,PAT,1,pat / praise,👏,0.37,Other town-gown moments,,Rockingham County,a certain junior girl,someone,"A ""cheers"" pat to a certain junior girl who didn't realize that she was on the roof of Rockingham Memorial Hospital and not safely at home asleep in her bed. From someone who can…","A ""cheers"" pat to a certain junior girl who didn't realize that she was on the roof of Rockingham Memorial Hospital and not safely at home asleep in her bed. From someone who can relate to other people finding themselves in strange places."
3843,2004-03-22,2004,Spring,2000–2009,DART,-1,dart / criticism,🎯,0.42,"Parking, towing & cars","Parking, towing & cars | Housing, landlords & apartment life",,the noisy leprechauns,a junior,"A ""thanks-for-celebrating-St.-Patrick's-Day-on-my-car"" dart to the noisy leprechauns in the parking lot of my apartment complex. From a junior who woke up Thursday hoping not to w…","A ""thanks-for-celebrating-St.-Patrick's-Day-on-my-car"" dart to the noisy leprechauns in the parking lot of my apartment complex. From a junior who woke up Thursday hoping not to walk around broken bottles and to wash the foam off her windshield."
3880,2004-04-15,2004,Spring,2000–2009,PAT,1,pat / praise,👏,0.38,"Streets, traffic & pedestrian safety","Streets, traffic & pedestrian safety",Main Street | Port Republic Road,the two ducks,a junior,"A ""get-down, get-down"" pat to the two ducks getting their groove on in the middle of South Main Street and Port Republic Road while their voyeuristic feathered friend stopped traf…","A ""get-down, get-down"" pat to the two ducks getting their groove on in the middle of South Main Street and Port Republic Road while their voyeuristic feathered friend stopped traffic so they could do their thing. From a junior who's glad to see animals giving in to spring fever on a sunny day."
3902,2004-04-29,2004,Spring,2000–2009,PAT,1,pat / praise,👏,0.4,Local businesses & restaurants,Local businesses & restaurants,JMU,the home crowd audience,a JMU alumnus turned rock star,"A ""we-live-for-energy-like-that"" pat to the home crowd audience at Mainstreet Bar and Grill Tuesday night. From a JMU alumnus turned rock star who will never forget his Duke Dog r…","A ""we-live-for-energy-like-that"" pat to the home crowd audience at Mainstreet Bar and Grill Tuesday night. From a JMU alumnus turned rock star who will never forget his Duke Dog roots and loves coming back to perform."
3920,2004-08-30,2004,Fall,2000–2009,DART,-1,dart / criticism,🎯,0.4,"Parking, towing & cars","Parking, towing & cars | Housing, landlords & apartment life",,the murderers,a grieving friend,"A ""thanks-for-making-roadkill-out-of-my-best-friend"" dart to the murderers who ran over my box turtle, Ralphe, in my apartment parking lot. From a grieving friend who is left with…","A ""thanks-for-making-roadkill-out-of-my-best-friend"" dart to the murderers who ran over my box turtle, Ralphe, in my apartment parking lot. From a grieving friend who is left with nothing but memories."
3957,2004-09-20,2004,Fall,2000–2009,DART,-1,dart / criticism,🎯,0.38,Local businesses & restaurants,"Local businesses & restaurants | Civic identity, media & reputation",,a local restaurant,a student,"A ""I-hope-you-eat-your-words"" dart to a local restaurant for informing a group of students that it was a ""family restaurant"" and fun was not to be had there. From a student who is…","A ""I-hope-you-eat-your-words"" dart to a local restaurant for informing a group of students that it was a ""family restaurant"" and fun was not to be had there. From a student who is sorry she has spent money at such a lame place and thinks other students should steer clear."
3991,2004-10-11,2004,Fall,2000–2009,DART,-1,dart / criticism,🎯,0.4,"Neighbors, parties & student behavior","Neighbors, parties & student behavior",,the random person,a bruise-less senior,"A ""you-hit-like-a-girl"" dart to the random person that showed up at my classy private party and punched me in the face when I asked him to leave. From a bruise-less senior who thi…","A ""you-hit-like-a-girl"" dart to the random person that showed up at my classy private party and punched me in the face when I asked him to leave. From a bruise-less senior who thinks people like you give townies a bad name and hopes you come back when he's not so tired."
3996,2004-10-25,2004,Fall,2000–2009,DART,-1,dart / criticism,🎯,0.4,"Housing, landlords & apartment life","Police, public safety & city services | Housing, landlords & apartment life | Neighbors, parties & student behavior | Weather, environment & infrastructure",,my apartment complex,a resident,"A ""thanks-for-informing-us-of-the-possible-danger"" dart to my apartment complex for not alerting its residents of last week's attack. From a resident who has been taking her trash…","A ""thanks-for-informing-us-of-the-possible-danger"" dart to my apartment complex for not alerting its residents of last week's attack. From a resident who has been taking her trash out alone after dark for a week with no idea that she could be putting herself in danger by doing so."
4020,2004-11-11,2004,Fall,2000–2009,PAT,1,pat / praise,👏,0.48,"Neighbors, parties & student behavior","Neighbors, parties & student behavior | Community service & mutual aid | Civic identity, media & reputation",JMU,the JMU students,an Old Town mom,"A ""thanks-from-the-community"" pat to the JMU students who had a really cool haunted house for the neighborhood children. From an Old Town mom who complains about loud parties but…","A ""thanks-from-the-community"" pat to the JMU students who had a really cool haunted house for the neighborhood children. From an Old Town mom who complains about loud parties but recognizes that there are lots of good things about coexisting with college students."
4048,2004-12-02,2004,Fall,2000–2009,PAT,1,pat / praise,👏,0.4,"Housing, landlords & apartment life","Housing, landlords & apartment life",,the maintenance crew,two roommates,"A ""you're-saving-lives"" pat to the maintenance crew for allowing us to reverse our peep holes so we don't walk into our apartment and get hit with a sock full of pennies. From two…","A ""you're-saving-lives"" pat to the maintenance crew for allowing us to reverse our peep holes so we don't walk into our apartment and get hit with a sock full of pennies. From two roommates who are afraid of their other two roommates."
4052,2005-01-13,2005,Spring,2000–2009,PAT,1,pat / praise,👏,0.39,"Neighbors, parties & student behavior","Police, public safety & city services | Neighbors, parties & student behavior | Downtown, arts & events",Harrisonburg Police,the house,a senior,"A ""the-show-must-go-on"" pat to the house who re-enacted ""Home Alone"" Friday night, despite Grinchy neighbors calling the cops. From a senior who thanks you for bringing the Christ…","A ""the-show-must-go-on"" pat to the house who re-enacted ""Home Alone"" Friday night, despite Grinchy neighbors calling the cops. From a senior who thanks you for bringing the Christmas spirit."
4067,2005-01-24,2005,Spring,2000–2009,PAT,1,pat / praise,👏,0.37,"Neighbors, parties & student behavior","Police, public safety & city services | Housing, landlords & apartment life | Neighbors, parties & student behavior",Harrisonburg Police,the shirtless guy,a neighbor,"A ""way-to-be-sneaky"" pat to the shirtless guy who evaded the cops by jumping over a balcony and then entered my apartment looking for a party. From a neighbor who was entertained…","A ""way-to-be-sneaky"" pat to the shirtless guy who evaded the cops by jumping over a balcony and then entered my apartment looking for a party. From a neighbor who was entertained by your antics while she was watching the commotion outside."
4078,2005-01-31,2005,Spring,2000–2009,DART,-1,dart / criticism,🎯,0.44,"Neighbors, parties & student behavior","Neighbors, parties & student behavior | Local businesses & restaurants",Harrisonburg | JMU,the two college women,"an eavesdropping, transplanted townie","A ""your-ignorance-is-showing"" dart to the two college women at Taste of Thai who said they were glad Harrisonburg has a popular ethnic restaurant, which means there must be a smal…","A ""your-ignorance-is-showing"" dart to the two college women at Taste of Thai who said they were glad Harrisonburg has a popular ethnic restaurant, which means there must be a small percentage of townies that are cool and don't mind mixing with the learned. From an eavesdropping, transplanted townie who is appalled to think that you two represent JMU students and ""learned people."""
4087,2005-02-07,2005,Spring,2000–2009,DART,-1,dart / criticism,🎯,0.43,"Neighbors, parties & student behavior","Neighbors, parties & student behavior | Community service & mutual aid",JMU,the transplanted townie,"the ""ignorant"" girls","A ""just-take-a-deep-breath"" dart to the transplanted townie for taking a comment like ""Taste-of-Thai is a great place for the gathering of townies and college kids"" too seriously.…","A ""just-take-a-deep-breath"" dart to the transplanted townie for taking a comment like ""Taste-of-Thai is a great place for the gathering of townies and college kids"" too seriously. From the ""ignorant"" girls who realize how inclusive the JMU bubble can be."
4110,2005-02-17,2005,Spring,2000–2009,DART,-1,dart / criticism,🎯,0.37,"Housing, landlords & apartment life","Police, public safety & city services | Housing, landlords & apartment life | Neighbors, parties & student behavior | Community service & mutual aid | Campus edge, construction & expansion",Harrisonburg Police,the peeping Tom,a disgusted senior,"An ""I-should-have-called-the-cops-on-you"" dart to the peeping Tom who was creeping around my apartment building Saturday night. From a disgusted senior who thought people had more…","An ""I-should-have-called-the-cops-on-you"" dart to the peeping Tom who was creeping around my apartment building Saturday night. From a disgusted senior who thought people had more dignity at this school than to be so perverted."
4129,2005-02-28,2005,Spring,2000–2009,PAT,1,pat / praise,👏,0.37,"Streets, traffic & pedestrian safety","Streets, traffic & pedestrian safety | Weather, environment & infrastructure",,the guys,a sophomore girl,"A ""don't-ever-lose-your-inner-child"" pat to the guys on Devon Lane who were sledding — it made my day seeing two people having fun in the snow. From a sophomore girl that wishes m…","A ""don't-ever-lose-your-inner-child"" pat to the guys on Devon Lane who were sledding — it made my day seeing two people having fun in the snow. From a sophomore girl that wishes more people would stay young at heart."
4138,2005-03-17,2005,Spring,2000–2009,DART,-1,dart / criticism,🎯,0.41,"Neighbors, parties & student behavior","Streets, traffic & pedestrian safety | Neighbors, parties & student behavior | Local businesses & restaurants | Weather, environment & infrastructure",Kline's,the group,a freshman girl,"A ""where-are-your-manners"" dart to the group of girls at Kline's Ice Cream on Sunday afternoon talking about deep-throating loud enough for all the customers to hear, including a…","A ""where-are-your-manners"" dart to the group of girls at Kline's Ice Cream on Sunday afternoon talking about deep-throating loud enough for all the customers to hear, including a family who just got out of the church across the street. From a freshman girl who thinks it's ridiculous that you even have those words in your vocabulary and can't respect those around you."
4159,2005-03-31,2005,Spring,2000–2009,DART,-1,dart / criticism,🎯,0.37,"Neighbors, parties & student behavior","Police, public safety & city services | Neighbors, parties & student behavior",Harrisonburg Police,the neighbors,a group of girls,"An ""it's-a-Friday-night"" dart to the neighbors who decided to call the cops on us before midnight and end our birthday party. From a group of girls who wish you would have come to…","An ""it's-a-Friday-night"" dart to the neighbors who decided to call the cops on us before midnight and end our birthday party. From a group of girls who wish you would have come to party with us instead."
4162,2005-04-04,2005,Spring,2000–2009,DART,-1,dart / criticism,🎯,0.42,"Housing, landlords & apartment life","Housing, landlords & apartment life",,the landlord,a disgruntled tenant,"A ""thanks-for-ripping-me-off"" dart to the landlord who stole my method of relaxation while I was trying to further my education by going to class on a Friday. From a disgruntled t…","A ""thanks-for-ripping-me-off"" dart to the landlord who stole my method of relaxation while I was trying to further my education by going to class on a Friday. From a disgruntled tenant who was planning on unwinding after a stressful test."
4177,2005-08-29,2005,Fall,2000–2009,PAT,1,pat / praise,👏,0.4,"Housing, landlords & apartment life","Streets, traffic & pedestrian safety | Police, public safety & city services | Housing, landlords & apartment life",Harrisonburg Police | South View,the guys,a junior girl,"A ""thank-God-you-weren't-actually-the-cops"" pat to the guys who followed us all the way to South View from McDonalds, just to tell us we went straight from the turn only lane. Fro…","A ""thank-God-you-weren't-actually-the-cops"" pat to the guys who followed us all the way to South View from McDonalds, just to tell us we went straight from the turn only lane. From a junior girl you almost had in tears from fear, but now knows the right way home."
4186,2005-09-01,2005,Fall,2000–2009,DART,-1,dart / criticism,🎯,0.4,"Neighbors, parties & student behavior","Neighbors, parties & student behavior",,my upstairs neighbor,a junior,"A ""be-more-considerate"" dart to my upstairs neighbor who feels the need to play his bass so loud it vibrates things off my walls. From a junior who is really tired of having to pi…","A ""be-more-considerate"" dart to my upstairs neighbor who feels the need to play his bass so loud it vibrates things off my walls. From a junior who is really tired of having to pick her stuff up off the floor."
4195,2005-09-06,2005,Fall,2000–2009,DART,-1,dart / criticism,🎯,0.42,"Parking, towing & cars","Parking, towing & cars | Housing, landlords & apartment life",South View,the girl,two girls,"A ""your-car-really-isn't-that-sweet"" dart to the girl taking up two spots in the full South View parking lot. From two girls who didn't appreciate driving around the complex for 2…","A ""your-car-really-isn't-that-sweet"" dart to the girl taking up two spots in the full South View parking lot. From two girls who didn't appreciate driving around the complex for 20 minutes looking for a different parking space."
4201,2005-09-08,2005,Fall,2000–2009,DART,-1,dart / criticism,🎯,0.4,"Housing, landlords & apartment life","Streets, traffic & pedestrian safety | Parking, towing & cars | Housing, landlords & apartment life | Neighbors, parties & student behavior",,the two motorcycle drivers,your neighbor,"A ""did-you-miss-the-sharing-lesson-in-kindergarten?"" dart to the two motorcycle drivers who live in the um apartment and still take up two spaces with their small bikes. From your…","A ""did-you-miss-the-sharing-lesson-in-kindergarten?"" dart to the two motorcycle drivers who live in the um apartment and still take up two spaces with their small bikes. From your neighbor who doesn't appreciate parking a block away because you two aren't considerate."
4208,2005-09-08,2005,Fall,2000–2009,DART,-1,dart / criticism,🎯,0.44,"Housing, landlords & apartment life","Police, public safety & city services | Housing, landlords & apartment life | Neighbors, parties & student behavior",,the drunk guy,a junior girl,"A ""thanks-so-much-for-breaking-the-lock-on-my-door"" dart to the drunk guy that attempted to get into my apartment on Saturday at 4:30 a.m. looking for his hat that he obviously le…","A ""thanks-so-much-for-breaking-the-lock-on-my-door"" dart to the drunk guy that attempted to get into my apartment on Saturday at 4:30 a.m. looking for his hat that he obviously left somewhere else. From a junior girl who had to spend the rest of the night talking to the police, getting her door repaired, trying to calm down her visiting grandmother and help her mother with her now broken nose."
4233,2005-09-22,2005,Fall,2000–2009,DART,-1,dart / criticism,🎯,0.38,Other town-gown moments,,Rockingham County,the doctor,a senior,"A ""why-can't-hospital-staff-count?"" dart to the doctor at the Rockingham Memorial Hospital for not being able to use all his fingers to count that he put five stitches in me, not…","A ""why-can't-hospital-staff-count?"" dart to the doctor at the Rockingham Memorial Hospital for not being able to use all his fingers to count that he put five stitches in me, not four. From a senior that hopes he never has to go back to the ER here again."
4242,2005-09-26,2005,Fall,2000–2009,DART,-1,dart / criticism,🎯,0.4,"Housing, landlords & apartment life","Streets, traffic & pedestrian safety | Housing, landlords & apartment life | Neighbors, parties & student behavior",Hunter's Ridge,the guys,a disgruntled fellow Hunters Ridge resident,"A ""way-to-be-cool"" dart to the guys on a balcony in Hunters Ridge who thought it would be hilarious to throw empty beer bottles at moving vehicles and break glass all over the roa…","A ""way-to-be-cool"" dart to the guys on a balcony in Hunters Ridge who thought it would be hilarious to throw empty beer bottles at moving vehicles and break glass all over the road. From a disgruntled fellow Hunters Ridge resident with a flat tire and a dent in his hood."
4318,2005-10-31,2005,Fall,2000–2009,DART,-1,dart / criticism,🎯,0.4,"Streets, traffic & pedestrian safety","Streets, traffic & pedestrian safety | Neighbors, parties & student behavior",Main Street,the squirrel,a junior,"A ""respect-me-because-I'm-bigger"" dart to the squirrel who dropped one of those huge green things on my head standing at the crosswalk on East Grace and South Main Streets. From a…","A ""respect-me-because-I'm-bigger"" dart to the squirrel who dropped one of those huge green things on my head standing at the crosswalk on East Grace and South Main Streets. From a junior who didn't appreciate the morning wake-up call and green stuff on my head."
4348,2005-11-14,2005,Fall,2000–2009,DART,-1,dart / criticism,🎯,0.4,"Neighbors, parties & student behavior","Housing, landlords & apartment life | Neighbors, parties & student behavior | Downtown, arts & events",,the person,an angry birthday girl,"An ""I-guess-you-weren't-clean-enough"" dart to the person who decided to use my entire bottle of Dove body wash and squirt it around my bathroom Friday night at my party. From an a…","An ""I-guess-you-weren't-clean-enough"" dart to the person who decided to use my entire bottle of Dove body wash and squirt it around my bathroom Friday night at my party. From an angry birthday girl who wants you to never show your face at my apartment again."
4347,2005-11-14,2005,Fall,2000–2009,PAT,1,pat / praise,👏,0.42,"Neighbors, parties & student behavior","Neighbors, parties & student behavior",JMU,the girls,an exhausted water polo player,"A ""thanks-for-bringing-'MmmBop'-back-to-JMU"" pat to the girls next door who loudly played the song at their party Saturday night. From an exhausted water polo player who needed th…","A ""thanks-for-bringing-'MmmBop'-back-to-JMU"" pat to the girls next door who loudly played the song at their party Saturday night. From an exhausted water polo player who needed the laugh after a rough day of games."
4362,2005-11-17,2005,Fall,2000–2009,DART,-1,dart / criticism,🎯,0.37,Other town-gown moments,,,the Harrisonburger,a horrified senior girl,"An ""I-just-threw-up-a-little-in-my-mouth"" dart to the Harrisonburger in front of me with a dead deer strapped to the back of his Bronco. From a horrified senior girl whose trip to…","An ""I-just-threw-up-a-little-in-my-mouth"" dart to the Harrisonburger in front of me with a dead deer strapped to the back of his Bronco. From a horrified senior girl whose trip to Wal-Mart was a little more emotionally scarring than usual."
4390,2006-01-12,2006,Spring,2000–2009,DART,-1,dart / criticism,🎯,0.38,"Housing, landlords & apartment life","Housing, landlords & apartment life",,the city servants,some disgruntled upperclassmen,"An ""as-if-finals-aren't-crappy-enough"" dart to the city servants who tracked dog poop all over our townhouse when responding to a gas leak. From some disgruntled upperclassmen who…","An ""as-if-finals-aren't-crappy-enough"" dart to the city servants who tracked dog poop all over our townhouse when responding to a gas leak. From some disgruntled upperclassmen who, while they are appreciative of your hard work, actually prefer the smell of leaking propane to dog feces."
4397,2006-01-17,2006,Spring,2000–2009,DART,-1,dart / criticism,🎯,0.38,Other town-gown moments,,Harrisonburg,all the oversensitive city-dwellers,a townie freshman,"A ""Toto-we're-not-in-Northern-Virginia-anymore"" dart to all the oversensitive city-dwellers who nearly gag when they see a dead deer on the back of a truck. From a townie freshman…","A ""Toto-we're-not-in-Northern-Virginia-anymore"" dart to all the oversensitive city-dwellers who nearly gag when they see a dead deer on the back of a truck. From a townie freshman who loves both venison and the high-class entertainment options that exist in the cultural hotspot that is Harrisonburg."
4400,2006-01-17,2006,Spring,2000–2009,DART,-1,dart / criticism,🎯,0.38,"Parking, towing & cars","Streets, traffic & pedestrian safety | Parking, towing & cars",Harrisonburg,the tool,three girls,"A ""how-did-you-pass-your-drivers-test?"" dart to the tool who quadruple-parked in the Harrisonburg Crossing parking lot, as though their car deserved four spaces. From three girls…","A ""how-did-you-pass-your-drivers-test?"" dart to the tool who quadruple-parked in the Harrisonburg Crossing parking lot, as though their car deserved four spaces. From three girls who know that it is less embarrassing to back up and try again than to leave the car there like nothing is wrong."
4399,2006-01-17,2006,Spring,2000–2009,DART,-1,dart / criticism,🎯,0.45,"Parking, towing & cars","Parking, towing & cars",,the person,a bruised and battered senior,"A ""that's-not-how-to-hit-on-a-girl"" dart to the person who ran their SUV into me in the parking lot of Dirty Dave's and sped away as I rolled off their hood. From a bruised and ba…","A ""that's-not-how-to-hit-on-a-girl"" dart to the person who ran their SUV into me in the parking lot of Dirty Dave's and sped away as I rolled off their hood. From a bruised and battered senior who wants to express thanks for starting her last semester off with a bang."
4441,2006-02-09,2006,Spring,2000–2009,PAT,1,pat / praise,👏,0.4,"Neighbors, parties & student behavior","Housing, landlords & apartment life | Neighbors, parties & student behavior",,my neighbors,your neighbor,"A ""thanks-for-putting-things-in-perspective"" pat to my neighbors who decided to throw rocks at their roommate's window just because they could. From your neighbor who studied regr…","A ""thanks-for-putting-things-in-perspective"" pat to my neighbors who decided to throw rocks at their roommate's window just because they could. From your neighbor who studied regression in psychology class, and got a laugh seeing it played out on the way home."
4470,2006-02-27,2006,Spring,2000–2009,DART,-1,dart / criticism,🎯,0.42,"Housing, landlords & apartment life","Housing, landlords & apartment life | Neighbors, parties & student behavior",,the boys,a girl,"An ""I-am-too-old-because-it-is-too-loud"" dart to the boys in the townhouse next to me who turn up the bass at all hours. From a girl who doesn't appreciate the pseudo-earthquakes…","An ""I-am-too-old-because-it-is-too-loud"" dart to the boys in the townhouse next to me who turn up the bass at all hours. From a girl who doesn't appreciate the pseudo-earthquakes from your speakers that shake her house to the foundation."
4497,2006-03-27,2006,Spring,2000–2009,DART,-1,dart / criticism,🎯,0.4,"Streets, traffic & pedestrian safety","Streets, traffic & pedestrian safety",Port Republic Road,the crosswalk button,a sophomore,"An ""are-you-trying-to-kill-us?"" dart to the crosswalk button on Port Republic Road that doesn't work. From a sophomore who almost got hit and now understands what a real-life game…","An ""are-you-trying-to-kill-us?"" dart to the crosswalk button on Port Republic Road that doesn't work. From a sophomore who almost got hit and now understands what a real-life game of ""Frogger"" would be like."
4510,2006-04-03,2006,Spring,2000–2009,PAT,1,pat / praise,👏,0.39,"Downtown, arts & events","Parking, towing & cars | Police, public safety & city services | Downtown, arts & events",Harrisonburg | City of Harrisonburg | Downtown Harrisonburg,the City of Harrisonburg,an appreciative Duke,"A ""thank-you-from-the-bottom-of-my-change-drawer"" pat to the City of Harrisonburg for removing the downtown parking meters. From an appreciative Duke who never had enough loose co…","A ""thank-you-from-the-bottom-of-my-change-drawer"" pat to the City of Harrisonburg for removing the downtown parking meters. From an appreciative Duke who never had enough loose coins to park. "
4511,2006-04-03,2006,Spring,2000–2009,DART,-1,dart / criticism,🎯,0.38,"Downtown, arts & events","Downtown, arts & events",Harrisonburg | Downtown Harrisonburg,Harrisonburg,a frustrated junior,"A ""mail-should-not-be-rocket-science"" dart to Harrisonburg for not having th economy necessary to warrant real congruent post offices. From a frustrated junior who doesn't underst…","A ""mail-should-not-be-rocket-science"" dart to Harrisonburg for not having th economy necessary to warrant real congruent post offices. From a frustrated junior who doesn't understand why the downtown post office closes at 4:30 p.m. and is located far enough away from the other one to prohibit running over there before they close at 5 p.m."
4516,2006-04-06,2006,Spring,2000–2009,DART,-1,dart / criticism,🎯,0.37,"Streets, traffic & pedestrian safety","Streets, traffic & pedestrian safety | Transit, buses & mobility",,the person,a terrified senior,"A ""remove-head-from-sphincter-then-drive"" dart to the person driving the wrong way down S. Main St. into oncoming traffic. From a terrified senior who thinks that the insane drivi…","A ""remove-head-from-sphincter-then-drive"" dart to the person driving the wrong way down S. Main St. into oncoming traffic. From a terrified senior who thinks that the insane driving depcted in movies belongs in movies, and not on Route 11."
4536,2006-04-17,2006,Spring,2000–2009,PAT,1,pat / praise,👏,0.4,"Streets, traffic & pedestrian safety","Streets, traffic & pedestrian safety | Parking, towing & cars | Civic identity, media & reputation",JMU | Port Republic Road,the JMU community,a distraught senior,"A ""joy-comes-in-small-packages"" pat to the JMU community for their help in the search for my Chihuahua after she got out during a car accident. From a distraught senior who finall…","A ""joy-comes-in-small-packages"" pat to the JMU community for their help in the search for my Chihuahua after she got out during a car accident. From a distraught senior who finally found Maeby the next day off of Port Republic Road."
4547,2006-04-27,2006,Spring,2000–2009,DART,-1,dart / criticism,🎯,0.38,"Streets, traffic & pedestrian safety","Streets, traffic & pedestrian safety | Police, public safety & city services | Housing, landlords & apartment life | Weather, environment & infrastructure",Harrisonburg | City of Harrisonburg | Main Street,the City of Harrisonburg,a now-soaked senior,"A ""surprises-in-the-rain-are-not-welcomed"" dart to the City of Harrisonburg for closing down South Main Street without notifying residents. From a now-soaked senior who enjoys wat…","A ""surprises-in-the-rain-are-not-welcomed"" dart to the City of Harrisonburg for closing down South Main Street without notifying residents. From a now-soaked senior who enjoys watching bikes go in a circle, but would have preferred to drive instead of walk through the rain."
4551,2006-08-31,2006,Fall,2000–2009,DART,-1,dart / criticism,🎯,0.38,"Neighbors, parties & student behavior","Neighbors, parties & student behavior",,the townie guy,a bruised and battered senior girl,"A ""something-smells-rotten-and-I-think-it's-you"" dart to the townie guy who pelted me with an egg as I walked home Friday night. From a bruised and battered senior girl who can on…","A ""something-smells-rotten-and-I-think-it's-you"" dart to the townie guy who pelted me with an egg as I walked home Friday night. From a bruised and battered senior girl who can only imagine what a boy that would throw eggs at a chick is trying to overcompensate for."
4565,2006-09-07,2006,Fall,2000–2009,DART,-1,dart / criticism,🎯,0.4,"Police, public safety & city services","Police, public safety & city services | Housing, landlords & apartment life",Harrisonburg,the Harrisonburg Fire Department,annoyed residents,"A ""we-could-have-actually-been-on-fire"" dart to the Harrisonburg Fire Department, who took over a half-hour to respond to rescue us from the imaginary fire, and then couldn't turn…","A ""we-could-have-actually-been-on-fire"" dart to the Harrisonburg Fire Department, who took over a half-hour to respond to rescue us from the imaginary fire, and then couldn't turn the fire alarm off. From annoyed residents who are still waiting for their knights in shining armor."
4572,2006-09-11,2006,Fall,2000–2009,DART,-1,dart / criticism,🎯,0.38,"Streets, traffic & pedestrian safety","Streets, traffic & pedestrian safety",,the driver,a stunned junior guy,"A ""your-stupidity-amazes-me"" dart to the driver of a silver sedan who, after turning into oncoming traffic on Cantrell Avenue, panicked and drove over the flower-covered median to…","A ""your-stupidity-amazes-me"" dart to the driver of a silver sedan who, after turning into oncoming traffic on Cantrell Avenue, panicked and drove over the flower-covered median to get away. From a stunned junior guy whose day had been pretty mundane until you hopped the curb."
4574,2006-09-14,2006,Fall,2000–2009,DART,-1,dart / criticism,🎯,0.37,"Campus edge, construction & expansion","Housing, landlords & apartment life | Local businesses & restaurants | Downtown, arts & events | Campus edge, construction & expansion",Downtown Harrisonburg,the big group,a financially challenged grad student,"A ""your-meal-plan-doesn't-pay-my-rent"" dart to the big group of freshmen I waited on at a classy downtown restaurant. From a financially challenged grad student who wants you to r…","A ""your-meal-plan-doesn't-pay-my-rent"" dart to the big group of freshmen I waited on at a classy downtown restaurant. From a financially challenged grad student who wants you to remember to tip your server when you venture off campus to eat dinner."
4584,2006-09-18,2006,Fall,2000–2009,DART,-1,dart / criticism,🎯,0.4,Other town-gown moments,,,the promoters,an angry senior,"A ""did-you-think-this-would-help"" dart to the promoters of the new ""Jackass"" movie for including stink bombs in the promotion packages they gave away at Rocktown Grill. From an an…","A ""did-you-think-this-would-help"" dart to the promoters of the new ""Jackass"" movie for including stink bombs in the promotion packages they gave away at Rocktown Grill. From an angry senior who would love to throw those rotten eggs at your house as a form of poetic justice."
4626,2006-10-12,2006,Fall,2000–2009,PAT,1,pat / praise,👏,0.38,"Streets, traffic & pedestrian safety","Streets, traffic & pedestrian safety | Police, public safety & city services",Harrisonburg,the Harrisonburg County Jail,a junior of legal age,"A ""five-stars-for-hospitality"" pat to the Harrisonburg County Jail, whose scrumptious bed-and-breakfast served on chic metal furniture was well worth the $91 fine. From a junior o…","A ""five-stars-for-hospitality"" pat to the Harrisonburg County Jail, whose scrumptious bed-and-breakfast served on chic metal furniture was well worth the $91 fine. From a junior of legal age who made the right decision to safely walk, instead of drive, home after drinking, and was still arrested."
4654,2006-10-26,2006,Fall,2000–2009,DART,-1,dart / criticism,🎯,0.37,"Streets, traffic & pedestrian safety","Streets, traffic & pedestrian safety",Main Street,the guy,two freshman girls,"A ""my-life-flashed-before-my-eyes"" dart to the guy who gave a two-inch gap as he rode past on his bike on South Main Street. From two freshman girls who have taken to calling bike…","A ""my-life-flashed-before-my-eyes"" dart to the guy who gave a two-inch gap as he rode past on his bike on South Main Street. From two freshman girls who have taken to calling bikers ""the silent killers."""
4648,2006-10-26,2006,Fall,2000–2009,DART,-1,dart / criticism,🎯,0.37,"Streets, traffic & pedestrian safety","Streets, traffic & pedestrian safety | Community service & mutual aid | Civic identity, media & reputation",Harrisonburg,Harrisonburg traffic engineers,a frustrated grad student,"A ""Sim-City-this-is-not"" dart to Harrisonburg traffic engineers who crammed 83 stoplights into our town to cover up the fact that they can't lay out a decent road. From a frustrat…","A ""Sim-City-this-is-not"" dart to Harrisonburg traffic engineers who crammed 83 stoplights into our town to cover up the fact that they can't lay out a decent road. From a frustrated grad student who takes 10 minutes to drive half a mile to school."
4673,2006-11-06,2006,Fall,2000–2009,DART,-1,dart / criticism,🎯,0.43,"Parking, towing & cars","Parking, towing & cars",Harrisonburg,a certain Harrisonburg towing company,a senior,"A ""tow-truck-driven-by-Speedy-Gonzales"" dart to a certain Harrisonburg towing company who locked a car in seven minutes flat. From a senior who loves bailing his mom's car out of…","A ""tow-truck-driven-by-Speedy-Gonzales"" dart to a certain Harrisonburg towing company who locked a car in seven minutes flat. From a senior who loves bailing his mom's car out of impound while she's visiting because you took it with her purse inside, and rewards you with $120 for your super-sweet skills."
4720,2006-12-07,2006,Fall,2000–2009,DART,-1,dart / criticism,🎯,0.37,"Housing, landlords & apartment life","Housing, landlords & apartment life",,everyone,a frustrated senior,"A ""please-wave-to-me-in-my-cardboard-box"" dart to everyone who thinks they don't need to tip at Madison Grill. From a frustrated senior who knows the rent won't get paid with $2.5…","A ""please-wave-to-me-in-my-cardboard-box"" dart to everyone who thinks they don't need to tip at Madison Grill. From a frustrated senior who knows the rent won't get paid with $2.50 an hour and 50-cent tips."
4732,2007-01-16,2007,Spring,2000–2009,DART,-1,dart / criticism,🎯,0.4,"Streets, traffic & pedestrian safety","Streets, traffic & pedestrian safety | Parking, towing & cars",Main Street,the trains,a junior guy,"A ""get-your-rails-out-of-my-face"" dart to the trains that run through Main Street during rush hour. From a junior guy who had to stare at a vacant parking spot for 10 minutes whil…","A ""get-your-rails-out-of-my-face"" dart to the trains that run through Main Street during rush hour. From a junior guy who had to stare at a vacant parking spot for 10 minutes while waiting for the choo-choo roadblock to pass."
4728,2007-01-16,2007,Spring,2000–2009,DART,-1,dart / criticism,🎯,0.42,"Housing, landlords & apartment life","Housing, landlords & apartment life | Neighbors, parties & student behavior",,the drunk guy,a senior girl,"A ""don't-lose-your-ability-to-read"" dart to the drunk guy who banged on my apartment door at 2 a.m. From a senior girl who did not appreciate having to explain to you that, really…","A ""don't-lose-your-ability-to-read"" dart to the drunk guy who banged on my apartment door at 2 a.m. From a senior girl who did not appreciate having to explain to you that, really, you don't live here."
4744,2007-01-22,2007,Spring,2000–2009,DART,-1,dart / criticism,🎯,0.43,"Neighbors, parties & student behavior","Police, public safety & city services | Neighbors, parties & student behavior | Civic identity, media & reputation",Harrisonburg | Harrisonburg Police,the Harrisonburg Police Department,a junior,"A ""thanks-for-declaring-your-priorities"" dart to the Harrisonburg Police Department for spending more time and energy on drunk in public charges than on stopping the rash of burgl…","A ""thanks-for-declaring-your-priorities"" dart to the Harrisonburg Police Department for spending more time and energy on drunk in public charges than on stopping the rash of burglaries and robberies. From a junior who no longer feels safe in this little country town, and expects more from Harrisonburg's finest."
4748,2007-01-25,2007,Spring,2000–2009,DART,-1,dart / criticism,🎯,0.4,"Parking, towing & cars","Parking, towing & cars | Local businesses & restaurants",Harrisonburg,a certain Harrisonburg restaurant,an of-age Duke,"A ""thanks-for-the-free-soda"" dart to a certain Harrisonburg restaurant for not serving my friend at midnight on his 21st birthday. From an of-age Duke who read the ""open 11 a.m. t…","A ""thanks-for-the-free-soda"" dart to a certain Harrisonburg restaurant for not serving my friend at midnight on his 21st birthday. From an of-age Duke who read the ""open 11 a.m. to 2 a.m."" sign on the door while getting the festivities started in your parking lot."
4745,2007-01-25,2007,Spring,2000–2009,DART,-1,dart / criticism,🎯,0.4,"Transit, buses & mobility","Streets, traffic & pedestrian safety | Transit, buses & mobility",Harrisonburg | Port Republic Road | Harrisonburg Transit,the Harrisonburg Department of Public Transportation,a junior,"A ""thanks-for-driving-the-bus-right-past-me"" dart to the Harrisonburg Dept. of Public Transportation for removing the Devon Lane/Port Republic bus stop. From a junior who missed c…","A ""thanks-for-driving-the-bus-right-past-me"" dart to the Harrisonburg Dept. of Public Transportation for removing the Devon Lane/Port Republic bus stop. From a junior who missed class because the bus used to stop there, but no longer does."
4756,2007-01-29,2007,Spring,2000–2009,DART,-1,dart / criticism,🎯,0.38,"Streets, traffic & pedestrian safety","Streets, traffic & pedestrian safety | Campus edge, construction & expansion",Port Republic Road,all the drivers,an irritated driver,"A ""have-a-little-courtesy"" dart to all the drivers on Port Republic Road who ignore my turn signal as I try to get on the highway. From an irritated driver who knows you can see m…","A ""have-a-little-courtesy"" dart to all the drivers on Port Republic Road who ignore my turn signal as I try to get on the highway. From an irritated driver who knows you can see me and can't believe you would speed up just so you can get to campus two seconds faster."
4758,2007-02-01,2007,Spring,2000–2009,PAT,1,pat / praise,👏,0.4,"Neighbors, parties & student behavior","Police, public safety & city services | Neighbors, parties & student behavior",Harrisonburg | Harrisonburg Police,the Harrisonburg police officer,an amused sophomore,"A ""so-human-kindness-isn't-dead-after-all"" pat to the Harrisonburg police officer who excused himself as he ran in front of me, just before tackling a runaway drunk on Saturday ni…","A ""so-human-kindness-isn't-dead-after-all"" pat to the Harrisonburg police officer who excused himself as he ran in front of me, just before tackling a runaway drunk on Saturday night. From an amused sophomore who is pleased to know that there are polite people in the world, even while on the job."
4771,2007-02-09,2007,Spring,2000–2009,DART,-1,dart / criticism,🎯,0.38,"Police, public safety & city services","Police, public safety & city services | Neighbors, parties & student behavior",Harrisonburg Police,the hard-partying police officer,a confused senior,"A ""way-to-leave-work-at-work"" dart to the hard-partying police officer we met at Rocktown Grill on Thursday night. From a confused senior who doesn't understand how he is supposed…","A ""way-to-leave-work-at-work"" dart to the hard-partying police officer we met at Rocktown Grill on Thursday night. From a confused senior who doesn't understand how he is supposed to respect authority figures that fraternize with the targets of their enforcement."
4781,2007-02-15,2007,Spring,2000–2009,DART,-1,dart / criticism,🎯,0.38,"Housing, landlords & apartment life","Housing, landlords & apartment life | Weather, environment & infrastructure",,my apartment complex,a groggy yet enraged resident,"A ""students-like-to-sleep-in-on-snow-days"" dart to my apartment complex for shoveling snow off the sidewalks at 7 a.m. From a groggy yet enraged resident who appreciates your eage…","A ""students-like-to-sleep-in-on-snow-days"" dart to my apartment complex for shoveling snow off the sidewalks at 7 a.m. From a groggy yet enraged resident who appreciates your eagerness, but would prefer not to be woken up early enough to make it to canceled 8 a.m. classes."
4787,2007-02-19,2007,Spring,2000–2009,DART,-1,dart / criticism,🎯,0.43,"Parking, towing & cars","Parking, towing & cars | Housing, landlords & apartment life | Campus edge, construction & expansion",JMU,JMU,a livid off-campus resident,"A ""thanks-for-remembering-us-too"" dart to JMU for neglecting to take into consideration the off-campus population when approving its measly one-hour delay on Thursday. From a livi…","A ""thanks-for-remembering-us-too"" dart to JMU for neglecting to take into consideration the off-campus population when approving its measly one-hour delay on Thursday. From a livid off-campus resident who tried everything but lifting her car out of her parking spot before deciding she'd rather skip class than die."
4791,2007-02-19,2007,Spring,2000–2009,DART,-1,dart / criticism,🎯,0.38,"Housing, landlords & apartment life","Housing, landlords & apartment life | Weather, environment & infrastructure",,"the ""enraged"" student",an appreciative student,"An ""I’m-so-sorry-the-shovels-ruined-your-slumber"" dart to the ""enraged"" student who blasted his or her apartment complex for shoveling the ice and snow. From an appreciative stude…","An ""I’m-so-sorry-the-shovels-ruined-your-slumber"" dart to the ""enraged"" student who blasted his or her apartment complex for shoveling the ice and snow. From an appreciative student who was glad others were doing the dirty work that kept him safe and sound."
4860,2007-04-02,2007,Spring,2000–2009,PAT,1,pat / praise,👏,0.45,"Transit, buses & mobility","Transit, buses & mobility | Local businesses & restaurants",JMU | Harrisonburg Transit,the employees,a JMU student,"An ""I'm-impressed-with-your-customer-service"" pat to the employees of the HDPT for sending a second bus to come pick me up after I missed the first one. From a JMU student who was…","An ""I'm-impressed-with-your-customer-service"" pat to the employees of the HDPT for sending a second bus to come pick me up after I missed the first one. From a JMU student who was immensely thankful for the VIP treatment."
4862,2007-04-05,2007,Spring,2000–2009,DART,-1,dart / criticism,🎯,0.38,"Housing, landlords & apartment life","Housing, landlords & apartment life | Neighbors, parties & student behavior | Campus edge, construction & expansion",,the two girls,two girls,"A ""you-clearly-don't-live-here"" dart to the two girls breaking glass bottles out in front of the sidewalk of an apartment building Saturday night. From two girls who live in the c…","A ""you-clearly-don't-live-here"" dart to the two girls breaking glass bottles out in front of the sidewalk of an apartment building Saturday night. From two girls who live in the complex and will hunt you down when they find broken glass sticking up through their flip-flops."
4878,2007-04-16,2007,Spring,2000–2009,DART,-1,dart / criticism,🎯,0.4,"Neighbors, parties & student behavior","Police, public safety & city services | Neighbors, parties & student behavior",Harrisonburg | Harrisonburg Police,Harrisonburg police,a disgusted senior,"A ""way-to-have-your-priorities-straight"" dart to Harrisonburg police for focusing more on catching drunk college students than on the robbers and rapists. From a disgusted senior…","A ""way-to-have-your-priorities-straight"" dart to Harrisonburg police for focusing more on catching drunk college students than on the robbers and rapists. From a disgusted senior who doesn't feel very safe and thinks you should start going after the real criminals."
4893,2007-04-23,2007,Spring,2000–2009,DART,-1,dart / criticism,🎯,0.42,"Neighbors, parties & student behavior","Neighbors, parties & student behavior",,a certain fraternity,a sophomore gentleman,"A ""thanks-for-ruining-the-block-party"" dart to a certain fraternity who thought it would be a good idea to flip over the dumpster in Forest Hills. From a sophomore gentleman who t…","A ""thanks-for-ruining-the-block-party"" dart to a certain fraternity who thought it would be a good idea to flip over the dumpster in Forest Hills. From a sophomore gentleman who thinks you guys should not ruin a great time for everyone."
4920,2007-09-04,2007,Fall,2000–2009,DART,-1,dart / criticism,🎯,0.4,"Neighbors, parties & student behavior","Police, public safety & city services | Neighbors, parties & student behavior | Downtown, arts & events",,our neighbors,a group of sophomores,"A ""party-poopers-suck"" dart to our neighbors for not asking us to turn our music down and instead notifying the police. From a group of sophomores who were embarrassed in front of…","A ""party-poopers-suck"" dart to our neighbors for not asking us to turn our music down and instead notifying the police. From a group of sophomores who were embarrassed in front of their three guests, yet quickly ended the ""party."""
4922,2007-09-07,2007,Fall,2000–2009,DART,-1,dart / criticism,🎯,0.4,"Transit, buses & mobility","Transit, buses & mobility",Harrisonburg Transit,the transit system,a frustrated senior,"A ""public-transport-is-supposed-to-be-easy"" dart to the transit system that runs five minutes early or ten minutes late most of the time. From a frustrated senior who waited over…","A ""public-transport-is-supposed-to-be-easy"" dart to the transit system that runs five minutes early or ten minutes late most of the time. From a frustrated senior who waited over 30 minutes yesterday for a bus because the system was running ahead of time."
4924,2007-09-07,2007,Fall,2000–2009,DART,-1,dart / criticism,🎯,0.4,Local businesses & restaurants,"Parking, towing & cars | Local businesses & restaurants",Kline's,the two blondes,a stranded senior,"A ""way-to-rack-up-car-karma"" dart to the two blondes at Kline's who locked their doors and drove away after being asked for a jump. From a stranded senior who was just looking for…","A ""way-to-rack-up-car-karma"" dart to the two blondes at Kline's who locked their doors and drove away after being asked for a jump. From a stranded senior who was just looking for a little help and is appalled at your lack of human decency."
4978,2007-09-27,2007,Fall,2000–2009,DART,-1,dart / criticism,🎯,0.45,Community service & mutual aid,Community service & mutual aid,Harrisonburg | JMU,whoever,a JMU runner,"A ""the-track-shouldn't-be-VIP-only"" dart to whoever decided that the track at Memorial Hall should close at night. From a JMU runner whose shoes miss the sweet taste of the old Ha…","A ""the-track-shouldn't-be-VIP-only"" dart to whoever decided that the track at Memorial Hall should close at night. From a JMU runner whose shoes miss the sweet taste of the old Harrisonburg High School's track."
5060,2007-11-15,2007,Fall,2000–2009,DART,-1,dart / criticism,🎯,0.37,"Housing, landlords & apartment life","Housing, landlords & apartment life | Neighbors, parties & student behavior",,my neighbors,a disgusted sophomore,"A ""we're-sick-of-stepping-around-it"" dart to my neighbors in Stonegate who refuse to clean up the puke on the stairs outside their apartment. From a disgusted sophomore who has be…","A ""we're-sick-of-stepping-around-it"" dart to my neighbors in Stonegate who refuse to clean up the puke on the stairs outside their apartment. From a disgusted sophomore who has been sick of smelling and stepping over the mess for more than a week."
5085,2007-11-29,2007,Fall,2000–2009,DART,-1,dart / criticism,🎯,0.42,"Parking, towing & cars","Parking, towing & cars | Housing, landlords & apartment life",Sunchase,Affordable Towing,a bitter sophomore,"A ""thanks-for-leaving-me-out-in-the-cold"" dart to Affordable Towing for snatching my car from Sunchase. From a bitter sophomore who feels that you should change your name after ch…","A ""thanks-for-leaving-me-out-in-the-cold"" dart to Affordable Towing for snatching my car from Sunchase. From a bitter sophomore who feels that you should change your name after charging him $155 to get his car back."
5087,2007-12-03,2007,Fall,2000–2009,DART,-1,dart / criticism,🎯,0.38,"Neighbors, parties & student behavior","Police, public safety & city services | Neighbors, parties & student behavior | Weather, environment & infrastructure",,my new neighbors from New Jersey,a senior,"A ""don't-make-this-another-'Trashby'"" dart to my new neighbors from New Jersey who throw parties every weekend and leave their trash everywhere. From a senior who liked last year…","A ""don't-make-this-another-'Trashby'"" dart to my new neighbors from New Jersey who throw parties every weekend and leave their trash everywhere. From a senior who liked last year better when she didn't have to walk out of her front door to a sea of broken glass and beer cans."
5118,2008-01-17,2008,Spring,2000–2009,DART,-1,dart / criticism,🎯,0.43,"Transit, buses & mobility","Transit, buses & mobility | Campus edge, construction & expansion",Harrisonburg Transit,HDPT,a sophomore,"A ""thanks-for-listening"" dart to HDPT for reducing rather than increasing service to Memorial Hall this semester. From a sophomore who has no other way to campus and was foolish e…","A ""thanks-for-listening"" dart to HDPT for reducing rather than increasing service to Memorial Hall this semester. From a sophomore who has no other way to campus and was foolish enough to think you would read and respond to last semester's online survey."
5127,2008-01-17,2008,Spring,2000–2009,PAT,1,pat / praise,👏,0.53,Community service & mutual aid,Community service & mutual aid,JMU,all the JMU students,"a staff member of Big Brothers, Big Sisters","A ""YOU-GUYS-ROCK!"" pat to all the JMU students who volunteer as Big Brothers and Big Sisters because you're making a difference in the lives of children. From a staff member of Bi…","A ""YOU-GUYS-ROCK!"" pat to all the JMU students who volunteer as Big Brothers and Big Sisters because you're making a difference in the lives of children. From a staff member of Big Brothers, Big Sisters who is especially appreciative because January is National Mentoring Month and we are thankful for you."
5135,2008-01-22,2008,Spring,2000–2009,PAT,1,pat / praise,👏,0.42,"Parking, towing & cars","Parking, towing & cars | Housing, landlords & apartment life | Community service & mutual aid",,the two men,a broke sophomore,"A ""free-of-charge,-full-of-kindness"" pat to the two men who towed my broken down car into an empty parking spot near my apartment for free. From a broke sophomore who, after her b…","A ""free-of-charge,-full-of-kindness"" pat to the two men who towed my broken down car into an empty parking spot near my apartment for free. From a broke sophomore who, after her brief freak-out session, couldn't thank you enough for helping her."
5146,2008-01-28,2008,Spring,2000–2009,DART,-1,dart / criticism,🎯,0.38,"Housing, landlords & apartment life","Parking, towing & cars | Housing, landlords & apartment life | Neighbors, parties & student behavior",Stone Gate,the Stone Gate resident,your neighbor,"An ""if-you-can-afford-a-car-alarm,-then-pay-my-rent"" dart to the Stone Gate resident whose car alarm constantly goes off at all hours of the night. From your neighbor who would ra…","An ""if-you-can-afford-a-car-alarm,-then-pay-my-rent"" dart to the Stone Gate resident whose car alarm constantly goes off at all hours of the night. From your neighbor who would rather listen to her roommate snoring than the 10 different sounds your car makes."
5154,2008-01-28,2008,Spring,2000–2009,PAT,1,pat / praise,👏,0.4,"Housing, landlords & apartment life","Housing, landlords & apartment life | Neighbors, parties & student behavior",,my neighbor,a junior,"A ""you-light-up-my-life"" pat to my neighbor who changed the light bulb on my porch so I wouldn't have to worry about getting in and out of my apartment at night. From a junior who…","A ""you-light-up-my-life"" pat to my neighbor who changed the light bulb on my porch so I wouldn't have to worry about getting in and out of my apartment at night. From a junior who is thankful for your help because he's a slacker when it comes to things like this."
5170,2008-02-04,2008,Spring,2000–2009,DART,-1,dart / criticism,🎯,0.4,"Housing, landlords & apartment life","Housing, landlords & apartment life | Neighbors, parties & student behavior",,the disrespectful drunks,your neighbors,"A ""do-you-have-anything-better-to-do?"" dart to the disrespectful drunks who spent the majority of Wednesday afternoon smashing bottles outside our apartment. From your neighbors w…","A ""do-you-have-anything-better-to-do?"" dart to the disrespectful drunks who spent the majority of Wednesday afternoon smashing bottles outside our apartment. From your neighbors who hope you pop your own tire on the glass before our nice maintenance people clean up after you."
5206,2008-02-21,2008,Spring,2000–2009,DART,-1,dart / criticism,🎯,0.4,Community service & mutual aid,"Community service & mutual aid | Civic identity, media & reputation",,the SGA class councils,a Duke,"A ""not-on-my-behalf"" dart to the SGA class councils for going to a local high school and promoting a dating service. From a Duke who is disappointed you promoted the cementing of…","A ""not-on-my-behalf"" dart to the SGA class councils for going to a local high school and promoting a dating service. From a Duke who is disappointed you promoted the cementing of oppressive social conventions at a school that fought for a gay-straight alliance just a few years ago."
5213,2008-02-25,2008,Spring,2000–2009,DART,-1,dart / criticism,🎯,0.4,"Streets, traffic & pedestrian safety","Streets, traffic & pedestrian safety | Police, public safety & city services | Housing, landlords & apartment life | Campus edge, construction & expansion",Harrisonburg | City of Harrisonburg,Harrisonburg City Public Works,an annoyed Mason Street resident,"A ""where-are-the-crosswalk-signals?"" dart to Harrisonburg City Public Works for currently doing construction on all four corners of the Mason Street and Cantrell Avenue intersecti…","A ""where-are-the-crosswalk-signals?"" dart to Harrisonburg City Public Works for currently doing construction on all four corners of the Mason Street and Cantrell Avenue intersection at once. From an annoyed Mason Street resident who has to dart across the road through traffic."
5217,2008-02-28,2008,Spring,2000–2009,DART,-1,dart / criticism,🎯,0.43,"Housing, landlords & apartment life","Police, public safety & city services | Housing, landlords & apartment life | Neighbors, parties & student behavior | Weather, environment & infrastructure",Stone Gate,the Stone Gate residents,a senior girl,"A ""maybe-you-could-try-a-recycling-bin-instead?"" dart to the Stone Gate residents who throw their glass bottles into the arboretum every weekend. From a senior girl whose dog woul…","A ""maybe-you-could-try-a-recycling-bin-instead?"" dart to the Stone Gate residents who throw their glass bottles into the arboretum every weekend. From a senior girl whose dog would probably appreciate their daily run through the arboretum a little more if it didn't end up in a close paw inspection."
5233,2008-03-20,2008,Spring,2000–2009,PAT,1,pat / praise,👏,0.37,Local businesses & restaurants,"Streets, traffic & pedestrian safety | Local businesses & restaurants",Main Street,the South Main Wendy's,a group of sophomore guys,"A ""fast-food-is-an-understatement"" pat to the South Main Wendy's. From a group of sophomore guys who had our delicious value menu selections in our hands before we even handed you…","A ""fast-food-is-an-understatement"" pat to the South Main Wendy's. From a group of sophomore guys who had our delicious value menu selections in our hands before we even handed you our cash."
5238,2008-03-27,2008,Spring,2000–2009,PAT,1,pat / praise,👏,0.43,Other town-gown moments,,Harrisonburg,The Smokin' Pig,a graduate and a 10-year-old chocolate lab,"A ""we-love-the-Pig!"" pat to The Smokin' Pig for creating a dog-friendly atmosphere by bringing out a water bowl to my dog during one of Harrisonburg's recent hot days. From a grad…","A ""we-love-the-Pig!"" pat to The Smokin' Pig for creating a dog-friendly atmosphere by bringing out a water bowl to my dog during one of Harrisonburg's recent hot days. From a graduate and a 10-year-old chocolate lab who think you're part of what makes Harrisonburg great."
5282,2008-04-03,2008,Spring,2000–2009,PAT,1,pat / praise,👏,0.4,"Streets, traffic & pedestrian safety","Streets, traffic & pedestrian safety | Transit, buses & mobility | Parking, towing & cars | Campus edge, construction & expansion",Harrisonburg | JMU | Harrisonburg Transit,the Clean Energy Coalition and the Harrisonburg Department of Public Transportation,an environmentally conscious bicycle commuter,"A ""way-to-think-globally-and-act-locally"" pat to the Clean Energy Coalition and the Harrisonburg Department of Public Transportation for putting together JMU's first No Drive Day.…","A ""way-to-think-globally-and-act-locally"" pat to the Clean Energy Coalition and the Harrisonburg Department of Public Transportation for putting together JMU's first No Drive Day. From an environmentally conscious bicycle commuter who doesn't have to worry about parking or on-campus traffic."
5286,2008-04-07,2008,Spring,2000–2009,PAT,1,pat / praise,👏,0.42,"Parking, towing & cars","Parking, towing & cars",,the guy,an extremely grateful senior,"A ""pay-it-forward"" pat to the guy who found my JAC card in the Harrison parking lot and went out of his way to return it. From an extremely grateful senior who has lost her card e…","A ""pay-it-forward"" pat to the guy who found my JAC card in the Harrison parking lot and went out of his way to return it. From an extremely grateful senior who has lost her card every year and can't afford a new one."
5344,2008-04-21,2008,Spring,2000–2009,DART,-1,dart / criticism,🎯,0.37,"Housing, landlords & apartment life","Housing, landlords & apartment life",Stone Gate,Stone Gate's management,a senior,"A ""way-to-remove-a-smile"" dart to Stone Gate's management for requiring a smiley face to be erased from a window. From a senior who promptly followed your orders and replaced it w…","A ""way-to-remove-a-smile"" dart to Stone Gate's management for requiring a smiley face to be erased from a window. From a senior who promptly followed your orders and replaced it with a giant sad face."
5346,2008-04-21,2008,Spring,2000–2009,DART,-1,dart / criticism,🎯,0.4,"Housing, landlords & apartment life","Housing, landlords & apartment life | Neighbors, parties & student behavior",,the guys,the girls,"A ""thundering-herd-of-elephants"" dart to the guys who live above our apartment for being so loud every single day of the week. From the girls who live below you who would like to…","A ""thundering-herd-of-elephants"" dart to the guys who live above our apartment for being so loud every single day of the week. From the girls who live below you who would like to sleep soundly without worrying that the largest land-dwelling mammal will come crashing through their ceiling at 3 a.m."
5355,2008-04-24,2008,Spring,2000–2009,DART,-1,dart / criticism,🎯,0.41,"Downtown, arts & events","Police, public safety & city services | Downtown, arts & events",Harrisonburg | Downtown Harrisonburg | Harrisonburg Police,the Harrisonburg Police Dept.,a senior,"A ""thanks-for-the-life-lessons"" dart to the Harrisonburg Police Dept., who has shown me throughout four years of college that your jobs aren't so much to serve and protect, but to…","A ""thanks-for-the-life-lessons"" dart to the Harrisonburg Police Dept., who has shown me throughout four years of college that your jobs aren't so much to serve and protect, but to catch college drinkers instead of those who have been able to walk away with computers, iPods and no dignity. From a senior who will always remember the memories spent downtown."
5373,2008-09-25,2008,Fall,2000–2009,DART,-1,dart / criticism,🎯,0.37,"Streets, traffic & pedestrian safety","Streets, traffic & pedestrian safety | Parking, towing & cars",Main Street,,a miffed pedestrian,"A ""what-would-Shel-Silverstein-think?"" dart. From a miffed pedestrian who, because the sidewalk ends, precariously shares the road with fast moving cars on South Main Street.","A ""what-would-Shel-Silverstein-think?"" dart. From a miffed pedestrian who, because the sidewalk ends, precariously shares the road with fast moving cars on South Main Street."
5374,2008-09-25,2008,Fall,2000–2009,PAT,1,pat / praise,👏,0.37,"Streets, traffic & pedestrian safety","Streets, traffic & pedestrian safety | Neighbors, parties & student behavior",Port Republic Road,the old dude,two seniors,"A ""way-to-keep-the-weekend-going"" pat to the old dude getting arrested on Port Republic Road at 8:30 Monday night. From two seniors who secretly cheered you on as you failed your…","A ""way-to-keep-the-weekend-going"" pat to the old dude getting arrested on Port Republic Road at 8:30 Monday night. From two seniors who secretly cheered you on as you failed your sobriety tests and got handcuffed."
5379,2008-09-25,2008,Fall,2000–2009,DART,-1,dart / criticism,🎯,0.4,Other town-gown moments,,Harrisonburg,the students,a proactive and honest student,"A ""what,-am-I-on-Judge-Judy?"" dart to the students who don’t believe that I am registered to vote in Harrisonburg and continue to question me with disbelief. From a proactive and…","A ""what,-am-I-on-Judge-Judy?"" dart to the students who don’t believe that I am registered to vote in Harrisonburg and continue to question me with disbelief. From a proactive and honest student who does not appreciate your skepticism."
5384,2008-09-29,2008,Fall,2000–2009,DART,-1,dart / criticism,🎯,0.42,"Neighbors, parties & student behavior","Streets, traffic & pedestrian safety | Neighbors, parties & student behavior",JMU | Main Street,the gang members,a senior,"A ""thanks-for-ruining-what-JMU-is-all-about"" dart to the gang members who got caught on South Main with guns. From a senior who remembers when we didn’t have to lock her door at n…","A ""thanks-for-ruining-what-JMU-is-all-about"" dart to the gang members who got caught on South Main with guns. From a senior who remembers when we didn’t have to lock her door at night and could host parties without checking for weapons first."
5388,2008-09-29,2008,Fall,2000–2009,PAT,1,pat / praise,👏,0.41,Community service & mutual aid,Community service & mutual aid,Harrisonburg,Harrisonburg,a confused senior,"A ""way-to-be-green"" pat to Harrisonburg; Yahoo ranked us No. 2 for being one of the most secure and environmentally friendly small towns in the U.S., yet we house some of the wors…","A ""way-to-be-green"" pat to Harrisonburg; Yahoo ranked us No. 2 for being one of the most secure and environmentally friendly small towns in the U.S., yet we house some of the worst gangs?! From a confused senior trying to figure out where to go to grad school — whether to worry about natural disasters or chill with gangs."
5400,2008-10-06,2008,Fall,2000–2009,DART,-1,dart / criticism,🎯,0.38,"Streets, traffic & pedestrian safety","Streets, traffic & pedestrian safety | Parking, towing & cars | Campus edge, construction & expansion",Main Street,the construction workers,a junior girl,"A ""don't-you-have,-like,-a-building-to- work-on?"" dart to the construction workers on South Main Street who idly ogle female passersby. From a junior girl who doesn't believe you…","A ""don't-you-have,-like,-a-building-to- work-on?"" dart to the construction workers on South Main Street who idly ogle female passersby. From a junior girl who doesn't believe you get paid to blatantly stare at young women innocently walking to class from the warsaw parking deck."
5426,2008-10-16,2008,Fall,2000–2009,PAT,1,pat / praise,👏,0.37,Community service & mutual aid,"Local businesses & restaurants | Downtown, arts & events | Community service & mutual aid",Downtown Harrisonburg,the consignment shop downtown,a student,"An ""I'd-like-to-help-strapped-college-students-get-through-school"" pat to the consignment shop downtown for having pretty decent clothes for so cheap. From a student who no longer…","An ""I'd-like-to-help-strapped-college-students-get-through-school"" pat to the consignment shop downtown for having pretty decent clothes for so cheap. From a student who no longer needs to feel guilty about buying ""new"" clothes so often."
5488,2008-11-13,2008,Fall,2000–2009,DART,-1,dart / criticism,🎯,0.41,"Parking, towing & cars","Parking, towing & cars | Police, public safety & city services | Campus edge, construction & expansion",Harrisonburg | Harrisonburg Police,the Harrisonburg Police Department,a student,"A ""priorities?"" dart to the Harrisonburg Police Department for writing a parking ticket on my car at 9 p.m. at night while it was parked in front of a residence off-campus — when…","A ""priorities?"" dart to the Harrisonburg Police Department for writing a parking ticket on my car at 9 p.m. at night while it was parked in front of a residence off-campus — when I wasn’t even there. From a student who now knows that parking in front of a house is a worse crime than underage drinking."
5493,2008-11-13,2008,Fall,2000–2009,DART,-1,dart / criticism,🎯,0.37,"Housing, landlords & apartment life","Housing, landlords & apartment life | Weather, environment & infrastructure",,my landlord,a shivering tenant,"An ""if-I-wanted-to-be-an-ice-cube,-I’d-live-in-the-freezer"" dart to my landlord who thinks 60 degrees is warm enough for the apartment. From a shivering tenant who pays too much r…","An ""if-I-wanted-to-be-an-ice-cube,-I’d-live-in-the-freezer"" dart to my landlord who thinks 60 degrees is warm enough for the apartment. From a shivering tenant who pays too much rent to be that cold inside."
5500,2008-11-17,2008,Fall,2000–2009,PAT,1,pat / praise,👏,0.4,"Housing, landlords & apartment life","Housing, landlords & apartment life",Copper Beech,China Wok,a hungry sophomore,"A ""thanks-for-delivering-orange-chicken,-dumplings,-spring-rolls-and-lo-mein-to-my-apartment"" pat to China Wok. From a hungry sophomore who would’ve had a long, starving walk home…","A ""thanks-for-delivering-orange-chicken,-dumplings,-spring-rolls-and-lo-mein-to-my-apartment"" pat to China Wok. From a hungry sophomore who would’ve had a long, starving walk home to Copper Beech if you hadn’t come."
5514,2008-12-04,2008,Fall,2000–2009,DART,-1,dart / criticism,🎯,0.39,Local businesses & restaurants,"Local businesses & restaurants | Downtown, arts & events",Downtown Harrisonburg,the restaurant,a student,"An ""I-am-never-eating-there-again"" dart to the restaurant downtown that served me undercooked chicken. From a student who doesn’t appreciate getting food poisoning.","An ""I-am-never-eating-there-again"" dart to the restaurant downtown that served me undercooked chicken. From a student who doesn’t appreciate getting food poisoning."
5520,2009-01-15,2009,Spring,2000–2009,PAT,1,pat / praise,👏,0.39,"Housing, landlords & apartment life","Police, public safety & city services | Housing, landlords & apartment life",,the guys,a light sleeper,"A ""thanks-for-testing-the-fire-alarm"" pat to the guys in my apartment complex who pulled the fire alarm at 3 a.m. From a light sleeper who now knows that her smoke detector works.","A ""thanks-for-testing-the-fire-alarm"" pat to the guys in my apartment complex who pulled the fire alarm at 3 a.m. From a light sleeper who now knows that her smoke detector works."
5548,2009-01-29,2009,Spring,2000–2009,PAT,1,pat / praise,👏,0.37,Local businesses & restaurants,"Local businesses & restaurants | Civic identity, media & reputation",Harrisonburg,Clementine,a movie crew,"A ""huge-part-of-our-community"" pat to Clementine for letting a scene of our student film be shot inside your restaurant. From a movie crew who wishes all Harrisonburg businesses h…","A ""huge-part-of-our-community"" pat to Clementine for letting a scene of our student film be shot inside your restaurant. From a movie crew who wishes all Harrisonburg businesses had the same attitude."
5544,2009-01-29,2009,Spring,2000–2009,DART,-1,dart / criticism,🎯,0.42,"Campus edge, construction & expansion","Parking, towing & cars | Campus edge, construction & expansion",JMU,JMU,a senior,"A ""thank-you,-JMU,-for-your-Wal-Mart-like-dedication"" dart for remaining open when most off-campus parking lots were still frozen. From a senior who felt like he drove down a slip…","A ""thank-you,-JMU,-for-your-Wal-Mart-like-dedication"" dart for remaining open when most off-campus parking lots were still frozen. From a senior who felt like he drove down a slip-and-slide to get to campus."
5569,2009-02-09,2009,Spring,2000–2009,DART,-1,dart / criticism,🎯,0.37,Other town-gown moments,,Harrisonburg,a company,a girl,"A ""you-are-the-weakest-link"" dart to a company here in Harrisonburg that didn't pay my boyfriend for three weeks. From a girl who knows you shouldn't mess with hardworking people.","A ""you-are-the-weakest-link"" dart to a company here in Harrisonburg that didn't pay my boyfriend for three weeks. From a girl who knows you shouldn't mess with hardworking people."
5575,2009-02-12,2009,Spring,2000–2009,DART,-1,dart / criticism,🎯,0.37,"Housing, landlords & apartment life","Housing, landlords & apartment life",Copper Beech,the people,everyone,"A ""it-makes-me-feel-like-I'm-at-the-dentist"" dart to the people who installed those bright lights outside of Copper Beech. From everyone who has to look at or sleep through them.","A ""it-makes-me-feel-like-I'm-at-the-dentist"" dart to the people who installed those bright lights outside of Copper Beech. From everyone who has to look at or sleep through them."
5587,2009-02-19,2009,Spring,2000–2009,DART,-1,dart / criticism,🎯,0.4,"Housing, landlords & apartment life","Streets, traffic & pedestrian safety | Housing, landlords & apartment life",Main Street,the cats that roam South Main Apartments,a resident,"A ""can't-we-all-just-get-along?"" dart to the cats that roam South Main Apartments, who fight at night and wake everyone up with their awful noises. From a resident who has been fr…","A ""can't-we-all-just-get-along?"" dart to the cats that roam South Main Apartments, who fight at night and wake everyone up with their awful noises. From a resident who has been frightened awake by your bloodcurdling shrieks and wishes you would just meow cutely instead."
5661,2009-04-16,2009,Spring,2000–2009,DART,-1,dart / criticism,🎯,0.41,"Housing, landlords & apartment life","Streets, traffic & pedestrian safety | Housing, landlords & apartment life | Neighbors, parties & student behavior | Local businesses & restaurants",Copper Beech,Jimmy John’s,a student,"A ""thanks-for-nothing"" dart to Jimmy Johns for not delivery to Copper Beech. From a student who refuses to drive drunk to pick up food.","A ""thanks-for-nothing"" dart to Jimmy Johns for not delivery to Copper Beech. From a student who refuses to drive drunk to pick up food."
5741,2009-09-03,2009,Fall,2000–2009,DART,-1,dart / criticism,🎯,0.4,Community service & mutual aid,"Local businesses & restaurants | Downtown, arts & events | Community service & mutual aid | Campus edge, construction & expansion",Harrisonburg,the majority,a senior,"A ""show-some-school-spirit"" dart to the majority of businesses in Harrisonburg for proudly displaying and selling Virginia Tech and University of Virginia merchandise in their sto…","A ""show-some-school-spirit"" dart to the majority of businesses in Harrisonburg for proudly displaying and selling Virginia Tech and University of Virginia merchandise in their stores. From a senior who chose not to go to Tech and UVA for a reason."
5803,2009-09-24,2009,Fall,2000–2009,PAT,1,pat / praise,👏,0.37,"Housing, landlords & apartment life","Police, public safety & city services | Housing, landlords & apartment life",Harrisonburg | Harrisonburg Police,the Harrisonburg Police Department,the roommate,"A ""it’s-about-time"" pat to the Harrisonburg Police Department for arresting my roommate. From the roommate who has heard way too many arguments that have solved nothing.","A ""it’s-about-time"" pat to the Harrisonburg Police Department for arresting my roommate. From the roommate who has heard way too many arguments that have solved nothing."
5873,2009-10-15,2009,Fall,2000–2009,PAT,1,pat / praise,👏,0.37,Local businesses & restaurants,Local businesses & restaurants,,Kline’s Dairy Bar,a group of freshmen,"A ""you-must-be-a-gift-from- heaven"" pat to Kline’s Dairy Bar for having chocolate peanut butter this week. From a group of freshmen who no longer have tuition money for second sem…","A ""you-must-be-a-gift-from- heaven"" pat to Kline’s Dairy Bar for having chocolate peanut butter this week. From a group of freshmen who no longer have tuition money for second semester."
5887,2009-10-19,2009,Fall,2000–2009,DART,-1,dart / criticism,🎯,0.37,"Neighbors, parties & student behavior","Neighbors, parties & student behavior",Harrisonburg,the Harrisonburg townies,a guy,"A ""get-your-own-damn parties"" dart to the Harrisonburg townies who expect us to welcome you into our parties with open arms. From a guy who’s tired of you tryin’ to steal my stuff.","A ""get-your-own-damn parties"" dart to the Harrisonburg townies who expect us to welcome you into our parties with open arms. From a guy who’s tired of you tryin’ to steal my stuff."
5879,2009-10-19,2009,Fall,2000–2009,DART,-1,dart / criticism,🎯,0.47,"Housing, landlords & apartment life","Transit, buses & mobility | Housing, landlords & apartment life",Harrisonburg Transit | Pheasant Run,HDPT,a Pheasant Run resident,"A ""what-are-we,-sardines?!"" dart to HDPT for not giving Pheasant Run its own bus. From a Pheasant Run resident who would rather not be up-close and personal to that many people in…","A ""what-are-we,-sardines?!"" dart to HDPT for not giving Pheasant Run its own bus. From a Pheasant Run resident who would rather not be up-close and personal to that many people in the morning."
5927,2009-10-29,2009,Fall,2000–2009,DART,-1,dart / criticism,🎯,0.37,"Neighbors, parties & student behavior","Neighbors, parties & student behavior",,the gothic-dressed townies,a sophomore,"An ""I-don't-think-you're-creepy,-I-think-you're-beyond-it"" dart to the gothic-dressed townies who waste Carrier computers by playing ""The Sims"" all day. From a sophomore who would…","An ""I-don't-think-you're-creepy,-I-think-you're-beyond-it"" dart to the gothic-dressed townies who waste Carrier computers by playing ""The Sims"" all day. From a sophomore who wouldn't dream of you going near his family."
5940,2009-11-02,2009,Fall,2000–2009,DART,-1,dart / criticism,🎯,0.38,"Parking, towing & cars","Parking, towing & cars",,the three girls,a frustrated guy,"A ""hope-you-found-what-you-were-looking-for"" dart to the three girls who obnoxiously rang my doorbell searching for their dignity in the Charleston Townes parking lot. From a frus…","A ""hope-you-found-what-you-were-looking-for"" dart to the three girls who obnoxiously rang my doorbell searching for their dignity in the Charleston Townes parking lot. From a frustrated guy who was in the middle of an intimate moment with his girlfriend."
5984,2009-11-16,2009,Fall,2000–2009,DART,-1,dart / criticism,🎯,0.36,"Housing, landlords & apartment life","Housing, landlords & apartment life",Stone Gate,the Stone Gate skunk,someone,"A ""you-don't-belong-here"" dart to the Stone Gate skunk. From someone who would prefer their next bath to be in bubbles, not tomato juice.","A ""you-don't-belong-here"" dart to the Stone Gate skunk. From someone who would prefer their next bath to be in bubbles, not tomato juice."
6002,2009-12-03,2009,Fall,2000–2009,PAT,1,pat / praise,👏,0.39,"Housing, landlords & apartment life","Streets, traffic & pedestrian safety | Housing, landlords & apartment life",Pheasant Run,the boys,the ladies down the road,"A ""way-to-brighten-up-our-night"" pat to the boys who love to set off fireworks in Pheasant Run. From the ladies down the road who would let you light our fuses any day.","A ""way-to-brighten-up-our-night"" pat to the boys who love to set off fireworks in Pheasant Run. From the ladies down the road who would let you light our fuses any day."
6030,2010-01-19,2010,Spring,2010–2019,DART,-1,dart / criticism,🎯,0.39,"Streets, traffic & pedestrian safety","Streets, traffic & pedestrian safety | Neighbors, parties & student behavior",JMU | Main Street,the students,a JMU student,"A ""no-wonder-the-’townies’-hate-us"" dart to the students who stand in the middle of Main Street. From a JMU student who isn’t too good for crosswalks.","A ""no-wonder-the-’townies’-hate-us"" dart to the students who stand in the middle of Main Street. From a JMU student who isn’t too good for crosswalks."
6045,2010-01-19,2010,Spring,2010–2019,PAT,1,pat / praise,👏,0.37,Community service & mutual aid,"Downtown, arts & events | Community service & mutual aid | Civic identity, media & reputation",Harrisonburg,Harrisonburg and Blue Nile,a humble serpent,"A ""three-firm-pats-on-the-bottom"" pat to Harrisonburg and Blue Nile for hosting the Born Empty & Murphy’s Kids Tour on February 5, 2010 - we gotta keep bringing good music to town…","A ""three-firm-pats-on-the-bottom"" pat to Harrisonburg and Blue Nile for hosting the Born Empty & Murphy’s Kids Tour on February 5,  2010 -  we gotta keep bringing good music to town. From a humble serpent."
6052,2010-01-21,2010,Spring,2010–2019,DART,-1,dart / criticism,🎯,0.39,"Neighbors, parties & student behavior","Housing, landlords & apartment life | Neighbors, parties & student behavior",Stone Gate,the drunk guy,a disgusted girl,"An ""if-you-sprinkle-when-you-tinkle-please-be-neat"" dart to the drunk guy who peed down the third-floor stairwell of Stone Gate on Saturday night. From a disgusted girl who is pot…","An ""if-you-sprinkle-when-you-tinkle-please-be-neat"" dart to the drunk guy who peed down the third-floor stairwell of Stone Gate on Saturday night. From a disgusted girl who is potty-trained."
6074,2010-01-25,2010,Spring,2010–2019,DART,-1,dart / criticism,🎯,0.37,Other town-gown moments,,Harrisonburg,the Harrisonburg radio DJs,a classic rock lover,"An ""I-like-that-old-time-rock-’n’-roll"" dart to the Harrisonburg radio DJs who wrongfully assume they are hilarious and play outdated tunes from the ’90s. From a classic rock love…","An ""I-like-that-old-time-rock-’n’-roll"" dart to the Harrisonburg radio DJs who wrongfully assume they are hilarious and play outdated tunes from the ’90s. From a classic rock lover who is not amused."
6087,2010-01-28,2010,Spring,2010–2019,DART,-1,dart / criticism,🎯,0.39,Community service & mutual aid,Community service & mutual aid,Harrisonburg,Harrisonburg,a girl,"A ""my-arm-hurts"" dart to Harrisonburg for making me donate plasma for money. From a girl who has found no other source of income while job searching.","A ""my-arm-hurts"" dart to Harrisonburg for making me donate plasma for money. From a girl who has found no other source of income while job searching."
6110,2010-02-09,2010,Spring,2010–2019,DART,-1,dart / criticism,🎯,0.39,"Housing, landlords & apartment life","Housing, landlords & apartment life",,the guys,a senior,"An ""I-win"" dart to the guys who broke into my apartment and stole my computer. From a senior who was in the process of buying a new one anyway and wasn’t affected by your little s…","An ""I-win"" dart to the guys who broke into my apartment and stole my computer. From a senior who was in the process of buying a new one anyway and wasn’t affected by your little stunt."
6172,2010-02-22,2010,Spring,2010–2019,DART,-1,dart / criticism,🎯,0.37,"Housing, landlords & apartment life","Housing, landlords & apartment life | Weather, environment & infrastructure",,Hellhole38,a North 38 resident,"An ""anything-but-perfect"" dart to Hellhole38 for defining perfected college living as a location in the boondocks and permanently icy, snow-covered sidewalks. From a North 38 resi…","An ""anything-but-perfect"" dart to Hellhole38 for defining perfected college living as a location in the boondocks and permanently icy, snow-covered sidewalks. From a North 38 resident who was fooled by your false promises and free cookies."
6191,2010-02-25,2010,Spring,2010–2019,DART,-1,dart / criticism,🎯,0.42,"Housing, landlords & apartment life","Housing, landlords & apartment life | Neighbors, parties & student behavior",,the rhinos,a junior girl,"A ""STAMPEDE!"" dart to the rhinos living above me always making too much noise. From a junior girl who wishes her apartment didn’t feel like a game of Jumanji.","A ""STAMPEDE!"" dart to the rhinos living above me always making too much noise. From a junior girl who wishes her apartment didn’t feel like a game of Jumanji."
6243,2010-03-22,2010,Spring,2010–2019,DART,-1,dart / criticism,🎯,0.38,"Housing, landlords & apartment life","Police, public safety & city services | Housing, landlords & apartment life",Sunchase,the hilarious drunken comedians,a resident,"A ""some-people-have-a-life"" dart to the hilarious drunken comedians who pull the Sunchase Annex fire alarm in the middle of the night on a regular basis. From a resident who hates…","A ""some-people-have-a-life"" dart to the hilarious drunken comedians who pull the Sunchase Annex fire alarm in the middle of the night on a regular basis. From a resident who hates the hour of blaring and will probably die from ignoring the alarm in a real fire."
6242,2010-03-22,2010,Spring,2010–2019,PAT,1,pat / praise,👏,0.4,Other town-gown moments,,JMU,the JMU guy,a senior girl,"A ""chivalry-still-exists"" pat to the JMU guy in the Jeep who made sure my friend and I were OK on I-81 on the way home for spring break. From a senior girl who appreciates you tak…","A ""chivalry-still-exists"" pat to the JMU guy in the Jeep who made sure my friend and I were OK on I-81 on the way home for spring break. From a senior girl who appreciates you taking the time to make sure fellow Dukes made it home safely."
6334,2010-04-12,2010,Spring,2010–2019,DART,-1,dart / criticism,🎯,0.36,Other town-gown moments,,Harrisonburg,all the helicopters,a girl,"A ""where-am-I,-’Nam?"" dart to all the helicopters flying over Harrisonburg. From a girl who can’t believe Springfest got this out of hand.","A ""where-am-I,-’Nam?"" dart to all the helicopters flying over Harrisonburg. From a girl who can’t believe Springfest got this out of hand."
6338,2010-04-15,2010,Spring,2010–2019,PAT,1,pat / praise,👏,0.44,"Police, public safety & city services","Police, public safety & city services",Rockingham County,the concrete floor,an arrested Springfester,"A ""thanks-for-sticking-with-me"" pat to the concrete floor of Rockingham County Jail. From an arrested Springfester who appreciated your cool understanding throughout the night.","A ""thanks-for-sticking-with-me"" pat to the concrete floor of Rockingham County Jail. From an arrested Springfester who appreciated your cool understanding throughout the night."
6349,2010-04-15,2010,Spring,2010–2019,PAT,1,pat / praise,👏,0.39,Community service & mutual aid,Community service & mutual aid,Harrisonburg,the Dukes Helping Harrisonburg,a student,"A ""way-to-mend-the-fences"" pat to the Dukes Helping Harrisonburg. From a student who is proud her fellow classmates are ready to make amends for their mistakes.","A ""way-to-mend-the-fences"" pat to the Dukes Helping Harrisonburg. From a student who is proud her fellow classmates are ready to make amends for their mistakes."
6366,2010-04-19,2010,Spring,2010–2019,DART,-1,dart / criticism,🎯,0.4,Community service & mutual aid,"Community service & mutual aid | Civic identity, media & reputation",Harrisonburg | JMU,the Harrisonburg locals,a student,"An ""I-thought-I-lived-here-too"" dart to the Harrisonburg locals who claim that ""JMU children... prance around this city acting superior."" From a student who thought she was a memb…","An ""I-thought-I-lived-here-too"" dart to the Harrisonburg locals who claim that ""JMU children... prance around this city acting superior."" From a student who thought she was a member of the community and not an unwelcome guest."
6398,2010-04-26,2010,Spring,2010–2019,DART,-1,dart / criticism,🎯,0.37,"Housing, landlords & apartment life","Housing, landlords & apartment life",Stone Gate,Stone Gate,a girl,"An ""I-told-you-so"" dart to Stone Gate for doing nothing when we said our roof might collapse. From a girl who had to be escorted out of her apartment because half of her roof coll…","An ""I-told-you-so"" dart to Stone Gate for doing nothing when we said our roof might collapse. From a girl who had to be escorted out of her apartment because half of her roof collapsed."
6420,2010-08-30,2010,Fall,2010–2019,PAT,1,pat / praise,👏,0.42,"Parking, towing & cars","Parking, towing & cars | Housing, landlords & apartment life",Copper Beech,the guys,the girl,"A ""thank-you-for-your-generosity"" pat to the guys from Copper Beech who paid for my car to be taken off the tow truck. From the girl who will pay you back and be forever grateful.","A ""thank-you-for-your-generosity"" pat to the guys from Copper Beech who paid for my car to be taken off the tow truck. From the girl who will pay you back and be forever grateful."
6425,2010-09-07,2010,Fall,2010–2019,DART,-1,dart / criticism,🎯,0.38,"Housing, landlords & apartment life","Parking, towing & cars | Housing, landlords & apartment life | Campus edge, construction & expansion",Stone Gate,Stone Gate,someone,"A ""how-about-a-parking-deck-instead-of-a-gravel-lot?"" dart to Stone Gate for not knowing how to calculate the number of residents to parking spots. From someone who wants to actua…","A ""how-about-a-parking-deck-instead-of-a-gravel-lot?"" dart to Stone Gate for not knowing how to calculate the number of residents to parking spots. From someone who wants to actually park in front of his building instead of climbing what feels like Mt. Everest."
6497,2010-09-23,2010,Fall,2010–2019,DART,-1,dart / criticism,🎯,0.37,Local businesses & restaurants,"Local businesses & restaurants | Downtown, arts & events",Downtown Harrisonburg,the restaurant,a group of golfers,"A ""your-plan-backfired"" dart to the restaurant that wouldn’t let us in and told all of the other downtown restaurants not to either. From a group of golfers who will never spend a…","A ""your-plan-backfired"" dart to the restaurant that wouldn’t let us in and told all of the other downtown restaurants not to either. From a group of golfers who will never spend another dime at your establishment."
6513,2010-09-27,2010,Fall,2010–2019,DART,-1,dart / criticism,🎯,0.37,"Housing, landlords & apartment life","Housing, landlords & apartment life | Neighbors, parties & student behavior",,the girl,a neighbor,"A ""just-because-you-can-do-it,-doesn’t-mean-you-should"" dart to the girl who climbed out of her apartment window onto the roof to smoke. From a neighbor who doesn’t want to watch…","A ""just-because-you-can-do-it,-doesn’t-mean-you-should"" dart to the girl who climbed out of her apartment window onto the roof to smoke. From a neighbor who doesn’t want to watch you fall."
6572,2010-10-14,2010,Fall,2010–2019,DART,-1,dart / criticism,🎯,0.4,"Streets, traffic & pedestrian safety","Streets, traffic & pedestrian safety | Parking, towing & cars",Harrisonburg,all of the horrible drivers around Harrisonburg,a senior,"A ""who-gave-you-a-drivers-license?"" dart to all of the horrible drivers around Harrisonburg who have almost hit my car in the last week. From a senior who needs you to check yo’se…","A ""who-gave-you-a-drivers-license?"" dart to all of the horrible drivers around Harrisonburg who have almost hit my car in the last week. From a senior who needs you to check yo’self before you wreck yo’self."
6592,2010-10-18,2010,Fall,2010–2019,PAT,1,pat / praise,👏,0.42,"Downtown, arts & events","Streets, traffic & pedestrian safety | Transit, buses & mobility | Downtown, arts & events",Downtown Harrisonburg | Harrisonburg Transit,the bus driver,the grateful senior,"A ""wheels-on-the-bus-drove-me-home"" pat to the bus driver who extended his last run for me. From the grateful senior who didn’t want to walk from Festival to downtown at 11 p.m.","A ""wheels-on-the-bus-drove-me-home"" pat to the bus driver who extended his last run for me. From the grateful senior who didn’t want to walk from Festival to downtown at 11 p.m."
6608,2010-10-25,2010,Fall,2010–2019,DART,-1,dart / criticism,🎯,0.37,"Housing, landlords & apartment life","Streets, traffic & pedestrian safety | Parking, towing & cars | Housing, landlords & apartment life",Stone Gate,the girl,a sleep deprived junior,"A ""check-your-road-rage"" dart to the girl blasting her car horn in Stone Gate apartments at 2 a.m. From a sleep deprived junior who doesn’t want to wake up before her alarm.","A ""check-your-road-rage"" dart to the girl blasting her car horn in Stone Gate apartments at 2 a.m. From a sleep deprived junior who doesn’t want to wake up before her alarm."
6752,2010-12-09,2010,Fall,2010–2019,DART,-1,dart / criticism,🎯,0.39,"Housing, landlords & apartment life","Housing, landlords & apartment life",South View,whoever,a girl,"A ""that’s-not-the-holiday-spirit"" dart to whoever stole my iPod from the South View gym. From a girl who thinks you might not get coal in your stocking if you please give it back…","A ""that’s-not-the-holiday-spirit"" dart to whoever stole my iPod from the South View gym. From a girl who thinks you might not get coal in your stocking if you please give it back to the office."
6764,2011-01-13,2011,Spring,2010–2019,PAT,1,pat / praise,👏,0.39,"Streets, traffic & pedestrian safety","Streets, traffic & pedestrian safety",Main Street,the Marine,a terribly embarrassed senior,"An ""Ooh-rah!"" pat to the Marine who pulled over on South Main Street to help me change my flat tire. From a terribly embarrassed senior who happened to be on a first date.","An ""Ooh-rah!"" pat to the Marine who pulled over on South Main Street to help me change my flat tire. From a terribly embarrassed senior who happened to be on a first date."
6823,2011-01-24,2011,Spring,2010–2019,DART,-1,dart / criticism,🎯,0.42,"Weather, environment & infrastructure","Police, public safety & city services | Housing, landlords & apartment life | Weather, environment & infrastructure",JMU | Copper Beech,whoever,four environmentally friendly juniors,"A ""that’s-not-very-JMU-of-you"" dart to whoever stole our recycling bin. From four environmentally friendly juniors in Copper Beech who can no longer save the Earth one plastic bot…","A ""that’s-not-very-JMU-of-you"" dart to whoever stole our recycling bin. From four environmentally friendly juniors in Copper Beech who can no longer save the Earth one plastic bottle at a time."
6839,2011-01-27,2011,Spring,2010–2019,DART,-1,dart / criticism,🎯,0.37,"Streets, traffic & pedestrian safety","Streets, traffic & pedestrian safety | Parking, towing & cars | Housing, landlords & apartment life",South View,the driver,a fellow New Jersey Honda Accord driver,"A ""no-double-dipping"" dart to the driver of the black New Jersey Honda Accord in South View taking up two parking spots. From a fellow New Jersey Honda Accord driver who realizes…","A ""no-double-dipping"" dart to the driver of the black New Jersey Honda Accord in South View taking up two parking spots. From a fellow New Jersey Honda Accord driver who realizes parking lots are meant to be shared."
6854,2011-01-31,2011,Spring,2010–2019,PAT,1,pat / praise,👏,0.39,"Transit, buses & mobility","Streets, traffic & pedestrian safety | Transit, buses & mobility | Housing, landlords & apartment life | Weather, environment & infrastructure",Harrisonburg Transit | Copper Beech,the Copper Beech bus driver,a very grateful senior,"A ""neither-rain,-sleet,-hail-nor-snow"" pat to the Copper Beech bus driver who fearlessly drove a packed bus home safely. From a very grateful senior.","A ""neither-rain,-sleet,-hail-nor-snow"" pat to the Copper Beech bus driver who fearlessly drove a packed bus home safely. From a very grateful senior."
6900,2011-02-10,2011,Spring,2010–2019,DART,-1,dart / criticism,🎯,0.37,"Parking, towing & cars","Parking, towing & cars | Housing, landlords & apartment life | Neighbors, parties & student behavior",Sunchase,the guy,your sleepless neighbor,"A ""quit-tooting-your-own-horn"" dart to the guy who let his car alarm go off in Sunchase three times during the night. From your sleepless neighbor who was tempted to throw somethi…","A ""quit-tooting-your-own-horn"" dart to the guy who let his car alarm go off in Sunchase three times during the night. From your sleepless neighbor who was tempted to throw something at you while you slowly walked to your car."
6960,2011-02-28,2011,Spring,2010–2019,PAT,1,pat / praise,👏,0.37,"Housing, landlords & apartment life","Streets, traffic & pedestrian safety | Transit, buses & mobility | Housing, landlords & apartment life",Harrisonburg Transit | Stone Gate,"the camo-lovin’, country-playin’ Route 9 bus driver",a temporary Stone Gate resident,"A ""git-r-done"" pat to the camo-lovin’, country-playin’ Route 9 bus driver for curing my homesickness. From a temporary Stone Gate resident who misses her permanent Southern reside…","A ""git-r-done"" pat to the camo-lovin’, country-playin’ Route 9 bus driver for curing my homesickness. From a temporary Stone Gate resident who misses her permanent Southern residence."
6949,2011-02-28,2011,Spring,2010–2019,PAT,1,pat / praise,👏,0.4,"Housing, landlords & apartment life","Streets, traffic & pedestrian safety | Housing, landlords & apartment life",Copper Beech,whoever,a Copper Beech resident,"A ""hallelujah!"" pat to whoever removed the skunk on the Copper Beech hill that’s been there for more than four weeks. From a Copper Beech resident who was sick of smelling putrid…","A ""hallelujah!"" pat to whoever removed the skunk on the Copper Beech hill that’s been there for more than four weeks. From a Copper Beech resident who was sick of smelling putrid road kill every time she drove home."
6996,2011-03-21,2011,Spring,2010–2019,PAT,1,pat / praise,👏,0.4,"Streets, traffic & pedestrian safety","Streets, traffic & pedestrian safety | Parking, towing & cars",Main Street,the Hess gas station,a girl with a gas-guzzling car,"A ""you-officially-made-me-feel-appreciated"" pat to the Hess gas station on South Main Street. From a girl with a gas-guzzling car who thinks all gas stations should have customer…","A ""you-officially-made-me-feel-appreciated"" pat to the Hess gas station on South Main Street. From a girl with a gas-guzzling car who thinks all gas stations should have customer appreciation weekends."
7026,2011-04-04,2011,Spring,2010–2019,PAT,1,pat / praise,👏,0.37,"Housing, landlords & apartment life","Housing, landlords & apartment life | Neighbors, parties & student behavior",Stone Gate,our neighbors,a bunch of bros,"A big ""oh-ya-cab’s-here"" pat to our neighbors in Stone Gate for allowing us to use your creatively named wireless Internet. From a bunch of bros who spend their evenings playing X…","A big ""oh-ya-cab’s-here"" pat to our neighbors in Stone Gate for allowing us to use your creatively named wireless Internet. From a bunch of bros who spend their evenings playing Xbox Live instead of studying, due to your generosity."
7042,2011-04-07,2011,Spring,2010–2019,DART,-1,dart / criticism,🎯,0.37,"Parking, towing & cars","Parking, towing & cars | Housing, landlords & apartment life",South View,the person,Cee Lo Green,"A ""forget-you"" dart to the person who bashed my side-view mirror in the parking lot of South View on Monday night. From Cee Lo Green, who wishes he didn’t have to censor his song…","A ""forget-you"" dart to the person who bashed my side-view mirror in the parking lot of South View on Monday night. From Cee Lo Green, who wishes he didn’t have to censor his song for this dart."
7061,2011-04-11,2011,Spring,2010–2019,DART,-1,dart / criticism,🎯,0.37,"Neighbors, parties & student behavior","Police, public safety & city services | Neighbors, parties & student behavior",Harrisonburg,the state police,a disappointed junior,"A ""take-off-your-riot-gear"" dart to the state police swarming around Harrisonburg this weekend. From a disappointed junior who thinks there are worse things going on in Virginia t…","A ""take-off-your-riot-gear"" dart to the state police swarming around Harrisonburg this weekend. From a disappointed junior who thinks there are worse things going on in Virginia than rumors of college drinking."
7073,2011-04-21,2011,Spring,2010–2019,DART,-1,dart / criticism,🎯,0.38,"Housing, landlords & apartment life","Housing, landlords & apartment life",,the Charleston Townes resident,a fellow resident,"A ""just-because-you-can’t-see-me-doesn’t-mean-I-can’t-see-you"" dart to the Charleston Townes resident who doesn’t clean up after her dog. From a fellow resident who thinks you sho…","A ""just-because-you-can’t-see-me-doesn’t-mean-I-can’t-see-you"" dart to the Charleston Townes resident who doesn’t clean up after her dog. From a fellow resident who thinks you shouldn’t have a dog if you can’t be responsible enough to clean up after it."
7112,2011-04-28,2011,Spring,2010–2019,PAT,1,pat / praise,👏,0.36,"Housing, landlords & apartment life","Streets, traffic & pedestrian safety | Housing, landlords & apartment life",Sunchase,the new crosswalk,a Sunchase resident,"An ""it’s-about-time"" pat to the new crosswalk on Neff Avenue. From a Sunchase resident who will no longer have to play Frogger with one life.","An ""it’s-about-time"" pat to the new crosswalk on Neff Avenue. From a Sunchase resident who will no longer have to play Frogger with one life."
7121,2011-08-29,2011,Fall,2010–2019,PAT,1,pat / praise,👏,0.39,"Neighbors, parties & student behavior","Police, public safety & city services | Neighbors, parties & student behavior",Harrisonburg | Harrisonburg Police,the Harrisonburg Police Department,a student,"A ""thanks-for-not-tazing-me-bro"" pat to the Harrisonburg Police Department for letting the first weekend be fun and not tear-gassed. From a student who remembers Springfest like i…","A ""thanks-for-not-tazing-me-bro"" pat to the Harrisonburg Police Department for letting the first weekend be fun and not tear-gassed. From a student who remembers Springfest like it was yesterday."
7119,2011-08-29,2011,Fall,2010–2019,PAT,1,pat / praise,👏,0.39,Other town-gown moments,,Harrisonburg,Harrisonburg,a student,"A ""thanks-for-the-warm-welcome"" pat to Harrisonburg for the friendly welcome back. From a student who considers this city a second home.","A ""thanks-for-the-warm-welcome"" pat to Harrisonburg for the friendly welcome back. From a student who considers this city a second home."
7153,2011-09-12,2011,Fall,2010–2019,DART,-1,dart / criticism,🎯,0.37,"Housing, landlords & apartment life","Housing, landlords & apartment life",,my landlord,a disgruntled super-senior,"A ""who-do-you-think-you-are?"" dart to my landlord for stealing my entire security deposit with no explanation. From a disgruntled super-senior who has already contacted her lawyer.","A ""who-do-you-think-you-are?"" dart to my landlord for stealing my entire security deposit with no explanation. From a disgruntled super-senior who has already contacted her lawyer."
7154,2011-09-12,2011,Fall,2010–2019,PAT,1,pat / praise,👏,0.36,"Police, public safety & city services","Police, public safety & city services",Harrisonburg Police,the kid,an onlooker,"An ""it’s-OK-it-happens"" pat to the kid who got tackled by the cops in front of Fox Hill Townhomes. From an onlooker whose night you made.","An ""it’s-OK-it-happens"" pat to the kid who got tackled by the cops in front of Fox Hill Townhomes. From an onlooker whose night you made."
7169,2011-09-19,2011,Fall,2010–2019,PAT,1,pat / praise,👏,0.4,"Police, public safety & city services","Police, public safety & city services | Campus edge, construction & expansion",Harrisonburg | JMU | Harrisonburg Police,the JMU and Harrisonburg police departments,a junior Duke,"A ""tonight-we-can-sleep-with-both-eyes-closed"" pat to the JMU and Harrisonburg police departments. From a junior Duke who appreciates the prompt response from the men and women in…","A ""tonight-we-can-sleep-with-both-eyes-closed"" pat to the JMU and Harrisonburg police departments. From a junior Duke who appreciates the prompt response from the men and women in blue who keep our campus and city safe."
7202,2011-09-26,2011,Fall,2010–2019,PAT,1,pat / praise,👏,0.37,"Housing, landlords & apartment life","Housing, landlords & apartment life | Neighbors, parties & student behavior",Copper Beech,our lovely neighbors,a Copper Beech resident,"A ""you-light-up-my-life"" pat to our lovely neighbors who strung colored lights on the back deck. From a Copper Beech resident who smiles every time she sees them out the window.","A ""you-light-up-my-life"" pat to our lovely neighbors who strung colored lights on the back deck. From a Copper Beech resident who smiles every time she sees them out the window."
7216,2011-09-29,2011,Fall,2010–2019,PAT,1,pat / praise,👏,0.39,Other town-gown moments,,Harrisonburg | JMU,JMU and Harrisonburg,an excited alumna,"An ""I-can’t-wait-to-be-back"" pat to JMU and Harrisonburg. From an excited alumna who wishes this week would hurry up so she can celebrate with all her fellow Dukes for Homecoming.","An ""I-can’t-wait-to-be-back"" pat to JMU and Harrisonburg. From an excited alumna who wishes this week would hurry up so she can celebrate with all her fellow Dukes for Homecoming."
7293,2011-10-24,2011,Fall,2010–2019,PAT,1,pat / praise,👏,0.37,"Housing, landlords & apartment life","Police, public safety & city services | Housing, landlords & apartment life | Neighbors, parties & student behavior",Harrisonburg Police,the guys,a girl,"A ""so-thankful-for-the-kindness-of-strangers"" pat to the guys who overheard someone trying to break into our apartment, left a party to make sure we were OK, and sat on him until…","A ""so-thankful-for-the-kindness-of-strangers"" pat to the guys who overheard someone trying to break into our apartment, left a party to make sure we were OK, and sat on him until the cops arrived. From a girl who wishes she knew your names."
7294,2011-10-24,2011,Fall,2010–2019,DART,-1,dart / criticism,🎯,0.37,"Downtown, arts & events","Housing, landlords & apartment life | Neighbors, parties & student behavior | Downtown, arts & events",,the wannabe electricians,a buzz-killed Duke,"A ""please-don’t-stop-the-music-music-music"" dart to the wannabe electricians who shut our breaker off Friday night. From a buzz-killed Duke who was trying to clean up after a herd…","A ""please-don’t-stop-the-music-music-music"" dart to the wannabe electricians who shut our breaker off Friday night. From a buzz-killed Duke who was trying to clean up after a herd of Caribou Lou came through his apartment."
7302,2011-10-27,2011,Fall,2010–2019,DART,-1,dart / criticism,🎯,0.43,"Neighbors, parties & student behavior","Streets, traffic & pedestrian safety | Housing, landlords & apartment life | Neighbors, parties & student behavior",Copper Beech,whoever,a Copper Beech girl,"An ""all-I’m-asking-for-is-a-little-RESPECT"" dart to whoever stole my pumpkin and smashed it in the road. From a Copper Beech girl who wasn’t impressed by your less than adult beha…","An ""all-I’m-asking-for-is-a-little-RESPECT"" dart to whoever stole my pumpkin and smashed it in the road. From a Copper Beech girl who wasn’t impressed by your less than adult behavior and thinks you should learn to celebrate Halloween in a more fun-filled way."
7316,2011-10-31,2011,Fall,2010–2019,DART,-1,dart / criticism,🎯,0.4,"Streets, traffic & pedestrian safety","Streets, traffic & pedestrian safety | Local businesses & restaurants",JMU | Main Street,the early-morning jay-walker,a JMU employee,"A ""watch-where-you’re-crossing"" dart to the early-morning jay-walker on Main Street on Thursday. From a JMU employee who lost at least a month of her lifespan when you darted out…","A ""watch-where-you’re-crossing"" dart to the early-morning jay-walker on Main Street on Thursday. From a JMU employee who lost at least a month of her lifespan when you darted out on the road and thinks you should use a tunnel or crosswalk next time."
7310,2011-10-31,2011,Fall,2010–2019,DART,-1,dart / criticism,🎯,0.37,"Housing, landlords & apartment life","Housing, landlords & apartment life | Downtown, arts & events",Sunchase,the people,a fellow resident,"An “I-didn’t-need-an-extra-alarm"" dart to the people above me in Sunchase who insist on blaring music at 7 a.m. as they get ready for class. From a fellow resident wishing for a b…","An “I-didn’t-need-an-extra-alarm"" dart to the people above me in Sunchase who insist on blaring music at 7 a.m. as they get ready for class. From a fellow resident wishing for a bit of consideration before your morning concerts."
7339,2011-11-10,2011,Fall,2010–2019,DART,-1,dart / criticism,🎯,0.37,"Police, public safety & city services","Police, public safety & city services | Housing, landlords & apartment life | Weather, environment & infrastructure",Copper Beech,the bandit,four Copper Beech girls,"An ""it’s-war"" dart to the bandit who continuously steals our labeled recycling bin. From four Copper Beech girls who will find you and our recycling bin.","An ""it’s-war"" dart to the bandit who continuously steals our labeled recycling bin. From four Copper Beech girls who will find you and our recycling bin."
7373,2011-12-05,2011,Fall,2010–2019,PAT,1,pat / praise,👏,0.37,"Downtown, arts & events","Downtown, arts & events",Harrisonburg,the Marching Royal Dukes,a double-Duke townie,"A ""you-had-us-dancin’-in-the-streets"" pat to the Marching Royal Dukes who performed at the Harrisonburg Holiday Parade. From a double-Duke townie who likes to march to the beat of…","A ""you-had-us-dancin’-in-the-streets"" pat to the Marching Royal Dukes who performed at the Harrisonburg Holiday Parade. From a double-Duke townie who likes to march to the beat of a different drum."
7372,2011-12-05,2011,Fall,2010–2019,DART,-1,dart / criticism,🎯,0.42,"Streets, traffic & pedestrian safety","Streets, traffic & pedestrian safety | Parking, towing & cars",,the person,a senior in Hunter’s Ridge,"A ""where-did-you-learn-to-drive?"" dart to the person in a white Toyota who performed a hit-and-run. From a senior in Hunter’s Ridge who watched the whole thing unfold as you picke…","A ""where-did-you-learn-to-drive?"" dart to the person in a white Toyota who performed a hit-and-run. From a senior in Hunter’s Ridge who watched the whole thing unfold as you picked up your friends."
7375,2011-12-05,2011,Fall,2010–2019,PAT,1,pat / praise,👏,0.45,Community service & mutual aid,Community service & mutual aid,Harrisonburg | JMU,the amazing JMU students,the director of the organization,"A ""what-in-the-world-would-we-do-without-you?"" pat to the amazing JMU students who volunteer at an after-school program for the poorest kids in Harrisonburg. From the director of…","A ""what-in-the-world-would-we-do-without-you?"" pat to the amazing JMU students who volunteer at an after-school program for the poorest kids in Harrisonburg. From the director of the organization who appreciates your dedication, spirit and positive influence on the children."
7411,2012-01-17,2012,Spring,2010–2019,DART,-1,dart / criticism,🎯,0.37,"Streets, traffic & pedestrian safety","Streets, traffic & pedestrian safety | Parking, towing & cars",Main Street,the car,the nearly killed girls,"An ""I-now-have-to-triple-check-for-traffic-at-green-lights"" dart to the car that ran the red light on Main Street on Saturday. From the nearly killed girls in the car in the middl…","An ""I-now-have-to-triple-check-for-traffic-at-green-lights"" dart to the car that ran the red light on Main Street on Saturday. From the nearly killed girls in the car in the middle of the intersection who hope you learned your lesson."
7404,2012-01-17,2012,Spring,2010–2019,PAT,1,pat / praise,👏,0.42,"Parking, towing & cars","Streets, traffic & pedestrian safety | Parking, towing & cars | Housing, landlords & apartment life | Community service & mutual aid",Stone Gate,the guy,two girls,"A ""we-promise-we’re-really-good-drivers"" pat to the guy who helped us back our car out of a tricky Stone Gate parking lot. From two girls who didn’t make a lot of progress in the…","A ""we-promise-we’re-really-good-drivers"" pat to the guy who helped us back our car out of a tricky Stone Gate parking lot. From two girls who didn’t make a lot of progress in the 20 minutes before you showed up and really appreciated your help."
7405,2012-01-17,2012,Spring,2010–2019,DART,-1,dart / criticism,🎯,0.37,"Housing, landlords & apartment life","Police, public safety & city services | Housing, landlords & apartment life | Neighbors, parties & student behavior | Weather, environment & infrastructure",Olde Mill,residents,a senior girl,"A ""learn-how-to-aim"" dart to residents at The Mill who seem to keep missing the dumpster and leaving their trash in the bed of my truck. From a senior girl who thinks you could ma…","A ""learn-how-to-aim"" dart to residents at The Mill who seem to keep missing the dumpster and leaving their trash in the bed of my truck. From a senior girl who thinks you could make it if you just tried a bit harder."
7422,2012-01-19,2012,Spring,2010–2019,DART,-1,dart / criticism,🎯,0.36,"Streets, traffic & pedestrian safety","Streets, traffic & pedestrian safety",Harrisonburg,the crime,a student,"A ""go-back-to-back-to-Cali-Cali"" dart to the crime in Harrisonburg. From a student who expected Mennonites but instead got drive-bys.","A ""go-back-to-back-to-Cali-Cali"" dart to the crime in Harrisonburg. From a student who expected Mennonites but instead got drive-bys."
7441,2012-01-26,2012,Spring,2010–2019,DART,-1,dart / criticism,🎯,0.37,"Housing, landlords & apartment life","Housing, landlords & apartment life",Sunchase,Sunchase,"a sad, hungry resident","A ""why-you-gotta-leave-me-starving?"" dart to Sunchase for failing to deliver the pizza we won in its Papa John’s contest. From a sad, hungry resident who looked forward to that yu…","A ""why-you-gotta-leave-me-starving?"" dart to Sunchase for failing to deliver the pizza we won in its Papa John’s contest. From a sad, hungry resident who looked forward to that yummy pizza."
7488,2012-02-09,2012,Spring,2010–2019,PAT,1,pat / praise,👏,0.37,"Police, public safety & city services","Police, public safety & city services",Harrisonburg | Harrisonburg Police,the four Harrisonburg Police officers,the desperate cat ladies,"A ""love-the-police"" pat to the four Harrisonburg Police officers who spent their Sunday night in a sewer rescuing our pet Samson. From the desperate cat ladies of Forest Hill Mano…","A ""love-the-police"" pat to the four Harrisonburg Police officers who spent their Sunday night in a sewer rescuing our pet Samson. From the desperate cat ladies of Forest Hill Manor."
7482,2012-02-09,2012,Spring,2010–2019,PAT,1,pat / praise,👏,0.42,"Streets, traffic & pedestrian safety","Streets, traffic & pedestrian safety",Harrisonburg | Port Republic Road,the Harrisonburg traffic lights,the girl,"A ""thanks-for-the-great-timing"" pat to the Harrisonburg traffic lights for being green all the way home. From the girl whose brakes went out going down Port Republic Road.","A ""thanks-for-the-great-timing"" pat to the Harrisonburg traffic lights for being green all the way home. From the girl whose brakes went out going down Port Republic Road."
7568,2012-03-19,2012,Spring,2010–2019,DART,-1,dart / criticism,🎯,0.4,"Streets, traffic & pedestrian safety","Streets, traffic & pedestrian safety",Port Republic Road,the two guys,a girl,"A ""was-that-really-necessary?"" dart to the two guys tailgating me from Port Republic Road to Squire Hill. From a girl who does not appreciate your obscene gestures and honking des…","A ""was-that-really-necessary?"" dart to the two guys tailgating me from Port Republic Road to Squire Hill. From a girl who does not appreciate your obscene gestures and honking despite my going 10 over the speed limit."
7570,2012-03-19,2012,Spring,2010–2019,DART,-1,dart / criticism,🎯,0.43,"Neighbors, parties & student behavior","Neighbors, parties & student behavior",Harrisonburg | JMU,the JMU sorority or fraternity,the Harrisonburg Parks and Recreation Department,"A ""thanks-for-breaking-our-tennis-court-net-posts"" dart to the JMU sorority or fraternity who damaged the posts at Purcell Park on Wednesday. From the Harrisonburg Parks and Recre…","A ""thanks-for-breaking-our-tennis-court-net-posts"" dart to the JMU sorority or fraternity who damaged the posts at Purcell Park on Wednesday. From the Harrisonburg Parks and Recreation Department who wants you to use our facilities but also wants you to respect them."
7591,2012-04-02,2012,Spring,2010–2019,DART,-1,dart / criticism,🎯,0.36,Other town-gown moments,,Harrisonburg,myself,me,"A ""why-can't-I-just-say-no"" dart to myself for eating three dinners. From me, who is single-handedly supporting the entire Harrisonburg wait staff.","A ""why-can't-I-just-say-no"" dart to myself for eating three dinners. From me, who is single-handedly supporting the entire Harrisonburg wait staff."
7651,2012-04-16,2012,Spring,2010–2019,DART,-1,dart / criticism,🎯,0.4,"Neighbors, parties & student behavior","Neighbors, parties & student behavior | Local businesses & restaurants",,the SMAD group,one of the many disgruntled employees,"A ""learn-how-to-freakin’-count"" dart to the SMAD group that came into Dave’s claiming to be a party of 10 and then turned into a party of 45. From one of the many disgruntled empl…","A ""learn-how-to-freakin’-count"" dart to the SMAD group that came into Dave’s claiming to be a party of 10 and then turned into a party of 45. From one of the many disgruntled employees who wants revenge."
7652,2012-04-19,2012,Spring,2010–2019,PAT,1,pat / praise,👏,0.38,"Transit, buses & mobility","Streets, traffic & pedestrian safety | Transit, buses & mobility | Housing, landlords & apartment life | Community service & mutual aid",Harrisonburg Transit | Copper Beech,the driver,the girl,"A ""that-was-so-adorable"" pat to the driver of Bus A who stopped on his route from Madipalooza to Copper Beech to buy lemonade from little kids at a lemonade stand. From the girl w…","A ""that-was-so-adorable"" pat to the driver of Bus A who stopped on his route from Madipalooza to Copper Beech to buy lemonade from little kids at a lemonade stand. From the girl who has now decided that you are her favorite bus driver and will forever remember that bus ride."
7694,2012-08-30,2012,Fall,2010–2019,PAT,1,pat / praise,👏,0.39,"Housing, landlords & apartment life","Housing, landlords & apartment life | Civic identity, media & reputation",Harrisonburg,Aspen Heights,a student,"A ""my-parents-will-LOVE-that"" pat to Aspen Heights for bringing a gated community of student houses to Harrisonburg. From a student sick and tired of apartment life.","A ""my-parents-will-LOVE-that"" pat to Aspen Heights for bringing a gated community of student houses to Harrisonburg. From a student sick and tired of apartment life."
7702,2012-09-03,2012,Fall,2010–2019,DART,-1,dart / criticism,🎯,0.4,"Streets, traffic & pedestrian safety","Streets, traffic & pedestrian safety | Campus edge, construction & expansion",Main Street | Port Republic Road,the gates,a senior,"A ""thank-you-for-causing-multiple-near-death-experiences” dart to the gates for increasing the traffic off campus and causing more accidents on Port Republic and South Main. From…","A ""thank-you-for-causing-multiple-near-death-experiences” dart to the gates for increasing the traffic off campus and causing more accidents on Port Republic and South Main. From a senior who liked taking the infinitely safer ""shortcuts” through Bluestone Drive."
7710,2012-09-03,2012,Fall,2010–2019,DART,-1,dart / criticism,🎯,0.4,"Transit, buses & mobility","Transit, buses & mobility | Housing, landlords & apartment life | Neighbors, parties & student behavior",Harrisonburg Transit | Pheasant Run,the freshmen,a tired junior,"A ""you-were-so-off-key"" dart to the freshmen singing the national anthem at the bus stop in Pheasant Run on Saturday night. From a tired junior who appreciates the patriotism but…","A ""you-were-so-off-key"" dart to the freshmen singing the national anthem at the bus stop in Pheasant Run on Saturday night. From a tired junior who appreciates the patriotism but wishes you would save it for the bus."
7738,2012-09-10,2012,Fall,2010–2019,DART,-1,dart / criticism,🎯,0.4,"Housing, landlords & apartment life","Police, public safety & city services | Housing, landlords & apartment life | Weather, environment & infrastructure",Pheasant Run,Pheasant Run,a tree-hugging resident,"A ""reduce-reuse-please-recycle"" dart to Pheasant Run for not recycling cardboard. From a tree-hugging resident who would like to get rid of the mountain of cardboard in her closet…","A ""reduce-reuse-please-recycle"" dart to Pheasant Run for not recycling cardboard. From a tree-hugging resident who would like to get rid of the mountain of cardboard in her closet in a green way before it takes over her house."
7754,2012-09-13,2012,Fall,2010–2019,DART,-1,dart / criticism,🎯,0.37,"Parking, towing & cars","Parking, towing & cars | Housing, landlords & apartment life",Harrisonburg,the person,someone,"A ""we-live-in-Harrisonburg-Virginia” dart to the person who left the shady note on my car as a ""resident of Madison Square Gardens.” From someone who’s been living at Madison Gard…","A ""we-live-in-Harrisonburg-Virginia” dart to the person who left the shady note on my car as a ""resident of Madison Square Gardens.” From someone who’s been living at Madison Gardens longer than you and knows how the parking works."
7766,2012-09-17,2012,Fall,2010–2019,DART,-1,dart / criticism,🎯,0.44,"Downtown, arts & events","Downtown, arts & events | Civic identity, media & reputation",Harrisonburg | JMU,the JMU and Harrisonburg news stations,a student,"A ""help-me-I’m-poor"" dart to the JMU and Harrisonburg news stations that didn’t show the JMU v. WVU game. From a student who still purpled-out despite the lack of spirit from TV s…","A ""help-me-I’m-poor"" dart to the JMU and Harrisonburg news stations that didn’t show the JMU v. WVU game. From a student who still purpled-out despite the lack of spirit from TV stations."
7794,2012-09-27,2012,Fall,2010–2019,PAT,1,pat / praise,👏,0.43,"Transit, buses & mobility","Streets, traffic & pedestrian safety | Transit, buses & mobility | Downtown, arts & events | Weather, environment & infrastructure",Harrisonburg | Harrisonburg Transit,all the amazing Harrisonburg bus drivers,a stressed student,"A ""turn-that-frown-upside-down"" pat to all the amazing Harrisonburg bus drivers for smiling when passengers get on and off the bus. From a stressed student who appreciated the pos…","A ""turn-that-frown-upside-down"" pat to all the amazing Harrisonburg bus drivers for smiling when passengers get on and off the bus. From a stressed student who appreciated the positive attitude the bus drivers constantly show, rain or shine, night or day."
7799,2012-09-27,2012,Fall,2010–2019,DART,-1,dart / criticism,🎯,0.37,"Streets, traffic & pedestrian safety","Streets, traffic & pedestrian safety | Police, public safety & city services",Harrisonburg Police,the bike cop,a senior,"A ""get-off-your-Huffy-and-solve-a-crime"" dart to the bike cop who wrote up my friend. From a senior who knows that your time would be much better spent on the 1300 block of Devon…","A ""get-off-your-Huffy-and-solve-a-crime"" dart to the bike cop who wrote up my friend. From a senior who knows that your time would be much better spent on the 1300 block of Devon Lane."
7820,2012-10-01,2012,Fall,2010–2019,PAT,1,pat / praise,👏,0.37,Local businesses & restaurants,"Local businesses & restaurants | Downtown, arts & events",Harrisonburg | Downtown Harrisonburg | Artful Dodger,the Artful Dodger,Etta James and a broke grad student,"An ""at-last-my-love-has-come-along"" pat to the Artful Dodger for being the only place in downtown Harrisonburg that has affordable drinks. From Etta James and a broke grad student…","An ""at-last-my-love-has-come-along"" pat to the Artful Dodger for being the only place in downtown Harrisonburg that has affordable drinks. From Etta James and a broke grad student who will be back."
7811,2012-10-01,2012,Fall,2010–2019,PAT,1,pat / praise,👏,0.37,"Streets, traffic & pedestrian safety","Streets, traffic & pedestrian safety | Parking, towing & cars",,the long-boarder,a fellow long boarder,"A ""way-to-shred-the-gnar"" pat to the long-boarder who bombed Devon Lane from the very top as I trailed him with my hazard lights on. From a fellow long boarder who knows how trick…","A ""way-to-shred-the-gnar"" pat to the long-boarder who bombed Devon Lane from the very top as I trailed him with my hazard lights on. From a fellow long boarder who knows how tricky those cars coming from behind can be."
7860,2012-10-11,2012,Fall,2010–2019,DART,-1,dart / criticism,🎯,0.4,"Parking, towing & cars","Streets, traffic & pedestrian safety | Parking, towing & cars | Local businesses & restaurants",,myself,an apologetic Duke,"A ""should-have-been-more-respectful"" dart to myself for flipping the bird to the person who pulled out in front of me in the Food Lion parking lot. From an apologetic Duke who isn…","A ""should-have-been-more-respectful"" dart to myself for flipping the bird to the person who pulled out in front of me in the Food Lion parking lot. From an apologetic Duke who isn’t that great of a driver himself."
7878,2012-10-15,2012,Fall,2010–2019,PAT,1,pat / praise,👏,0.4,"Parking, towing & cars","Parking, towing & cars | Downtown, arts & events",,the guys,a studious senior,"A ""way-to-bring-it-Bach"" pat to the guys blasting classical music while washing their car outside my window. From a studious senior who appreciated a change from the usual bass-bu…","A ""way-to-bring-it-Bach"" pat to the guys blasting classical music while washing their car outside my window. From a studious senior who appreciated a change from the usual bass-bumping thuds typically emanating from the North 38 car wash."
7885,2012-10-15,2012,Fall,2010–2019,DART,-1,dart / criticism,🎯,0.42,"Neighbors, parties & student behavior","Housing, landlords & apartment life | Neighbors, parties & student behavior",Copper Beech,all the people,someone,"A ""this-isn’t-a-pool"" dart to all the people blowing whistles at the Copper Beech party. From someone who doesn’t appreciate the extra decibels at an already loud party.","A ""this-isn’t-a-pool"" dart to all the people blowing whistles at the Copper Beech party. From someone who doesn’t appreciate the extra decibels at an already loud party."
7884,2012-10-15,2012,Fall,2010–2019,PAT,1,pat / praise,👏,0.37,"Transit, buses & mobility","Streets, traffic & pedestrian safety | Transit, buses & mobility",,the guy,a senior,"A ""goin’-my-way?"" pat to the guy who gave me a ride back to Charleston Thursday night. From a senior who was hitchhiking down Chestnut Ridge Drive on his way back from Gold Crown.","A ""goin’-my-way?"" pat to the guy who gave me a ride back to Charleston Thursday night. From a senior who was hitchhiking down Chestnut Ridge Drive on his way back from Gold Crown."
7964,2012-11-08,2012,Fall,2010–2019,DART,-1,dart / criticism,🎯,0.37,"Housing, landlords & apartment life","Housing, landlords & apartment life",Copper Beech,Copper Beech,a female sports enthusiast,"A ""why-do-you-make-it-so-difficult?"" dart to Copper Beech for cutting the Fox Sports channel. From a female sports enthusiast who hates watching the game tracker online.","A ""why-do-you-make-it-so-difficult?"" dart to Copper Beech for cutting the Fox Sports channel. From a female sports enthusiast who hates watching the game tracker online."
8100,2013-01-28,2013,Spring,2010–2019,DART,-1,dart / criticism,🎯,0.4,"Housing, landlords & apartment life","Housing, landlords & apartment life",Sunchase,the guy,three Sunchase girls,"A ""honk-if-you’re-a-jerk"" dart to the guy in Sunchase who honked his horn for ten minutes straight last week. From three Sunchase girls who wouldn’t mind breaking off your steerin…","A ""honk-if-you’re-a-jerk"" dart to the guy in Sunchase who honked his horn for ten minutes straight last week. From three Sunchase girls who wouldn’t mind breaking off your steering wheel and hitting you with it."
8150,2013-02-07,2013,Spring,2010–2019,PAT,1,pat / praise,👏,0.47,"Transit, buses & mobility","Streets, traffic & pedestrian safety | Transit, buses & mobility | Campus edge, construction & expansion",Harrisonburg Transit,the Route 11 bus driver,a grateful senior,"A ""my-GPA-thanks-you"" pat to the Route 11 bus driver who took me to East Campus so I could take my exam. From a grateful senior who knows a missed exam would have severely screwed…","A ""my-GPA-thanks-you"" pat to the Route 11 bus driver who took me to East Campus so I could take my exam. From a grateful senior who knows a missed exam would have severely screwed up her GPA."
8245,2013-03-14,2013,Spring,2010–2019,DART,-1,dart / criticism,🎯,0.4,"Weather, environment & infrastructure","Weather, environment & infrastructure",Harrisonburg,Mother Nature,a skiing student in Lake Tahoe,"A ""not-here-not-now!"" dart to Mother Nature for snowing so much in Harrisonburg when no one was around. From a skiing student in Lake Tahoe who couldn’t believe Harrisonburg got m…","A ""not-here-not-now!"" dart to Mother Nature for snowing so much in Harrisonburg when no one was around. From a skiing student in Lake Tahoe who couldn’t believe Harrisonburg got more snow last week than the Sierra Nevada did."
8274,2013-03-21,2013,Spring,2010–2019,DART,-1,dart / criticism,🎯,0.37,"Housing, landlords & apartment life","Parking, towing & cars | Housing, landlords & apartment life",,the guy,a woman,"A ""you’re-doing-it-wrong"" dart to the guy who blatantly took up two parking spaces in front of my apartment. From a woman wondering if you could be any more of a tool.","A ""you’re-doing-it-wrong"" dart to the guy who blatantly took up two parking spaces in front of my apartment. From a woman wondering if you could be any more of a tool."
8286,2013-03-25,2013,Spring,2010–2019,DART,-1,dart / criticism,🎯,0.37,"Housing, landlords & apartment life","Parking, towing & cars | Housing, landlords & apartment life",Stone Gate,the person,a senior,"A ""take-responsibility-and-leave-a-note"" dart to the person who sideswiped my friend’s car in Stone Gate. From a senior who wants to be able to invite her friends for a visit with…","A ""take-responsibility-and-leave-a-note"" dart to the person who sideswiped my friend’s car in Stone Gate. From a senior who wants to be able to invite her friends for a visit without them having to pay $2,000 in damage."
8358,2013-04-11,2013,Spring,2010–2019,DART,-1,dart / criticism,🎯,0.43,"Police, public safety & city services","Police, public safety & city services | Neighbors, parties & student behavior | Civic identity, media & reputation | Weather, environment & infrastructure",Harrisonburg | JMU | Harrisonburg Police,the Harrisonburg police,a sad JMU alumna,"A ""this-is-not-the-JMU-I-remember"" dart to the Harrisonburg police for patrolling in large packs on Saturday to ""protect"" students. From a sad JMU alumna who came back to enjoy he…","A ""this-is-not-the-JMU-I-remember"" dart to the Harrisonburg police for patrolling in large packs on Saturday to ""protect"" students. From a sad JMU alumna who came back to enjoy her professional fraternity’s alumni weekend only to find that there were more cops out on bikes than students enjoying the spring weather."
8361,2013-04-11,2013,Spring,2010–2019,DART,-1,dart / criticism,🎯,0.38,"Police, public safety & city services","Police, public safety & city services",Rockingham County,the Rockingham County General District Court judge,a student,"An ""injustice-prevails"" dart to the Rockingham County General District Court judge who dismissed all eight felony counts from the guy who threw away completed voter registration f…","An ""injustice-prevails"" dart to the Rockingham County General District Court judge who dismissed all eight felony counts from the guy who threw away completed voter registration forms last year and left him with two measly misdemeanors. From a student who knows you’re now just as guilty as the culprit."
8362,2013-04-11,2013,Spring,2010–2019,DART,-1,dart / criticism,🎯,0.38,"Streets, traffic & pedestrian safety","Streets, traffic & pedestrian safety",Main Street,the intelligent individual,a biker,"A ""bike-on-the-right-side-of-the-road"" dart to the intelligent individual biking toward me in the bike lane on South Main. From a biker who rides on days when it isn’t warm and su…","A ""bike-on-the-right-side-of-the-road"" dart to the intelligent individual biking toward me in the bike lane on South Main. From a biker who rides on days when it isn’t warm and sunny out, reads the laws and doesn’t care if next time we crash head on."
8386,2013-08-26,2013,Fall,2010–2019,DART,-1,dart / criticism,🎯,0.37,"Streets, traffic & pedestrian safety","Streets, traffic & pedestrian safety",Main Street,the woman,a student,"A ""why-do-you-think-they-put-the-fence-there?"" dart to the woman who ran around the new fence on South Main and into the road. From a student who doesn’t like to slam on her brake…","A ""why-do-you-think-they-put-the-fence-there?"" dart to the woman who ran around the new fence on South Main and into the road. From a student who doesn’t like to slam on her brakes."
8394,2013-08-29,2013,Fall,2010–2019,DART,-1,dart / criticism,🎯,0.4,Community service & mutual aid,"Streets, traffic & pedestrian safety | Community service & mutual aid",JMU | Main Street,the 40-plus JMU students,a student,"A ""way-to-set-a-good-example"" dart to the 40-plus JMU students seen walking around the new fence on South Main on the first day of school. From a student who walked through the tu…","A ""way-to-set-a-good-example"" dart to the 40-plus JMU students seen walking around the new fence on South Main on the first day of school. From a student who walked through the tunnel and still got there before you."
8412,2013-09-05,2013,Fall,2010–2019,DART,-1,dart / criticism,🎯,0.37,"Housing, landlords & apartment life","Housing, landlords & apartment life | Neighbors, parties & student behavior",,the individuals,a resident,"A ""you’re-obnoxious"" dart to the individuals screaming at the Aspen Heights pool Sunday night at 1 a.m. From a resident who had to leave because of the noise.","A ""you’re-obnoxious"" dart to the individuals screaming at the Aspen Heights pool Sunday night at 1 a.m. From a resident who had to leave because of the noise."
8408,2013-09-05,2013,Fall,2010–2019,DART,-1,dart / criticism,🎯,0.38,"Civic identity, media & reputation","Civic identity, media & reputation",Harrisonburg,the opinion columnist,someone,"A ""you-need-to-get-out-more"" dart to the opinion columnist who cited Tilted Kilt, Cookout and Gold Crown as the only replacements for Dave’s Taverna. From someone who didn’t rely…","A ""you-need-to-get-out-more"" dart to the opinion columnist who cited Tilted Kilt, Cookout and Gold Crown as the only replacements for Dave’s Taverna. From someone who didn’t rely on Dave’s to have fun, and who will be seen at the better restaurants in Harrisonburg."
8426,2013-09-09,2013,Fall,2010–2019,DART,-1,dart / criticism,🎯,0.48,"Transit, buses & mobility","Streets, traffic & pedestrian safety | Transit, buses & mobility | Parking, towing & cars | Police, public safety & city services | Local businesses & restaurants",JMU | Campus Police / Public Safety,JMU Police and parking,a JMU employee,"A ""thanks-for-not-doing-anything-in-an-emergency-situation"" dart to JMU Police and parking for not opening the gates on Thursday when all the traffic was re-routed onto Route 11 w…","A ""thanks-for-not-doing-anything-in-an-emergency-situation"" dart to JMU Police and parking for not opening the gates on Thursday when all the traffic was re-routed onto Route 11 when I-81 was closed. From a JMU employee who did not enjoy taking the scenic route to be 20 minutes late to work."
8430,2013-09-09,2013,Fall,2010–2019,DART,-1,dart / criticism,🎯,0.42,"Transit, buses & mobility","Transit, buses & mobility | Housing, landlords & apartment life",Harrisonburg Transit | Stone Gate,the HDPT,a student,"A ""so-helpful"" dart to the HDPT for only having one route to Stone Gate. From a student who is out of luck if they miss it, while other complexes have three or four chances.","A ""so-helpful"" dart to the HDPT for only having one route to Stone Gate. From a student who is out of luck if they miss it, while other complexes have three or four chances."
8443,2013-09-12,2013,Fall,2010–2019,PAT,1,pat / praise,👏,0.45,Local businesses & restaurants,"Parking, towing & cars | Local businesses & restaurants",JMU | Valley Mall,Kevin,a very impressed JMU employee,"A ""thanks-for-going-out-of-your-way-to-help"" pat to Kevin for assisting a man who had fallen at the Valley Mall to his car and following him to Sunnyside to make sure he was OK. F…","A ""thanks-for-going-out-of-your-way-to-help"" pat to Kevin for assisting a man who had fallen at the Valley Mall to his car and following him to Sunnyside to make sure he was OK. From a very impressed JMU employee (please message breezeopinion@gmail.com so he can thank you)."
8481,2013-09-23,2013,Fall,2010–2019,DART,-1,dart / criticism,🎯,0.4,"Transit, buses & mobility","Streets, traffic & pedestrian safety | Transit, buses & mobility | Parking, towing & cars | Community service & mutual aid",Harrisonburg Transit,the cars,a fellow driver,"A ""did-you-miss-the-glaring-red-sign?"" dart to the cars that flew by a school bus stop sign and almost hit a kid on Reservoir Street. From a fellow driver who knows wherever you w…","A ""did-you-miss-the-glaring-red-sign?"" dart to the cars that flew by a school bus stop sign and almost hit a kid on Reservoir Street. From a fellow driver who knows wherever you were going could have waited a minute or two."
8473,2013-09-23,2013,Fall,2010–2019,PAT,1,pat / praise,👏,0.45,"Housing, landlords & apartment life","Streets, traffic & pedestrian safety | Transit, buses & mobility | Housing, landlords & apartment life",Harrisonburg Transit,the Yellow Line bus driver,a senior,"An ""it’s-people-like-you-who-make-this-place-so-great"" pat to the Yellow Line bus driver who disregarded his route and drove me to my apartment complex on Saturday just to be kind…","An ""it’s-people-like-you-who-make-this-place-so-great"" pat to the Yellow Line bus driver who disregarded his route and drove me to my apartment complex on Saturday just to be kind. From a senior who truly appreciated the gesture and will pay it forward."
8498,2013-09-30,2013,Fall,2010–2019,DART,-1,dart / criticism,🎯,0.37,"Streets, traffic & pedestrian safety","Streets, traffic & pedestrian safety | Police, public safety & city services",Harrisonburg | Main Street | Harrisonburg Police,the Harrisonburg Police Department,someone,"An ""I-hope-it-was-worth-it"" dart to the Harrisonburg Police Department for continuing a high-speed chase down South Main Street. From someone who’s glad you didn’t kill a student.","An ""I-hope-it-was-worth-it"" dart to the Harrisonburg Police Department for continuing a high-speed chase down South Main Street. From someone who’s glad you didn’t kill a student."
8505,2013-10-03,2013,Fall,2010–2019,DART,-1,dart / criticism,🎯,0.39,"Streets, traffic & pedestrian safety","Streets, traffic & pedestrian safety",Main Street,the South Main crosswalk,a student,"An ""I-am-going-to-die-here"" dart to the South Main crosswalk for taking 80 years to change to the walk sign. From a student who understands now why people make a run for it.","An ""I-am-going-to-die-here"" dart to the South Main crosswalk for taking 80 years to change to the walk sign. From a student who understands now why people make a run for it."
8514,2013-10-03,2013,Fall,2010–2019,DART,-1,dart / criticism,🎯,0.36,"Housing, landlords & apartment life","Housing, landlords & apartment life",,the people,a disturbed and sleep-deprived resident,"A ""you-don’t-even-go-here"" dart to the people who started a fight outside of my apartment. From a disturbed and sleep-deprived resident.","A ""you-don’t-even-go-here"" dart to the people who started a fight outside of my apartment. From a disturbed and sleep-deprived resident."
8523,2013-10-07,2013,Fall,2010–2019,PAT,1,pat / praise,👏,0.38,"Housing, landlords & apartment life","Housing, landlords & apartment life | Local businesses & restaurants",,Jeremiah from Court Square Coffee,a junior,"A ""you-are-a-glorious-human-being"" pat to Jeremiah from Court Square Coffee who gave my roommate and I free pumpkin scones after we thought you had closed up shop. From a junior w…","A ""you-are-a-glorious-human-being"" pat to Jeremiah from Court Square Coffee who gave my roommate and I free pumpkin scones after we thought you had closed up shop. From a junior who is always taken aback by your kindness and can’t wait to go back and see you."
8522,2013-10-07,2013,Fall,2010–2019,DART,-1,dart / criticism,🎯,0.37,"Parking, towing & cars","Parking, towing & cars",,the woman,a student,"A ""calm-down"" dart to the woman who called me a ""dumb b----"" because I was a little too far over when she was pulling into the North 38 parking lot. From a student who was having…","A ""calm-down"" dart to the woman who called me a ""dumb b----"" because I was a little too far over when she was pulling into the North 38 parking lot. From a student who was having a bad enough day as it was."
8556,2013-10-14,2013,Fall,2010–2019,DART,-1,dart / criticism,🎯,0.37,"Housing, landlords & apartment life","Streets, traffic & pedestrian safety | Parking, towing & cars | Housing, landlords & apartment life",South View,all of the people,a resident,"A ""go-back-to-driver’s-ed"" dart to all of the people in South View who don’t know how to park. From a resident who’s polite enough to only take up one parking spot instead of two.","A ""go-back-to-driver’s-ed"" dart to all of the people in South View who don’t know how to park. From a resident who’s polite enough to only take up one parking spot instead of two."
8559,2013-10-14,2013,Fall,2010–2019,DART,-1,dart / criticism,🎯,0.37,"Housing, landlords & apartment life","Police, public safety & city services | Housing, landlords & apartment life | Neighbors, parties & student behavior",South View,whoever,one of the many disgruntled residents,"A ""that’s-a-party-foul"" dart to whoever pulled the fire alarm at South View on Friday night. From one of the many disgruntled residents who had to listen to the alarm for almost a…","A ""that’s-a-party-foul"" dart to whoever pulled the fire alarm at South View on Friday night. From one of the many disgruntled residents who had to listen to the alarm for almost an hour just so you could have a laugh."
8562,2013-10-17,2013,Fall,2010–2019,PAT,1,pat / praise,👏,0.37,"Parking, towing & cars","Parking, towing & cars | Housing, landlords & apartment life | Neighbors, parties & student behavior",South View,the woman,an out-of-stater,"A ""you-are-a-life-saver"" pat to the woman who found my wallet in the South View parking lot this past weekend. From an out-of-stater who doesn’t know how she would have gotten a n…","A ""you-are-a-life-saver"" pat to the woman who found my wallet in the South View parking lot this past weekend. From an out-of-stater who doesn’t know how she would have gotten a new license if you didn’t find it."
8566,2013-10-17,2013,Fall,2010–2019,PAT,1,pat / praise,👏,0.39,Local businesses & restaurants,Local businesses & restaurants,,the workers,a grad student,"A ""thanks-for-not-judging-me-too-hard"" pat to the workers of Billy Jack’s. From a grad student who loves the pumpkin ales and the ambience your bar provides.","A ""thanks-for-not-judging-me-too-hard"" pat to the workers of Billy Jack’s. From a grad student who loves the pumpkin ales and the ambience your bar provides."
8583,2013-10-21,2013,Fall,2010–2019,DART,-1,dart / criticism,🎯,0.42,"Housing, landlords & apartment life","Transit, buses & mobility | Police, public safety & city services | Housing, landlords & apartment life | Civic identity, media & reputation",Harrisonburg Transit | Pheasant Run,the bus,a student,"A ""where’d-you-go-I-miss-you-so"" dart to the bus that used to run from Pheasant Run to Copper Beach. From a student who doesn’t want to jump through rings of fire to visit her fri…","A ""where’d-you-go-I-miss-you-so"" dart to the bus that used to run from Pheasant Run to Copper Beach. From a student who doesn’t want to jump through rings of fire to visit her friends across town."
8597,2013-10-24,2013,Fall,2010–2019,DART,-1,dart / criticism,🎯,0.37,"Housing, landlords & apartment life","Housing, landlords & apartment life | Neighbors, parties & student behavior | Local businesses & restaurants",South View,the women,a hard-working college student,"A ""learn-some-respect"" dart to the women in South View who never tip when I deliver food to them. From a hard-working college student who recommends not biting the hand that feeds…","A ""learn-some-respect"" dart to the women in South View who never tip when I deliver food to them. From a hard-working college student who recommends not biting the hand that feeds you."
8608,2013-10-28,2013,Fall,2010–2019,DART,-1,dart / criticism,🎯,0.37,"Streets, traffic & pedestrian safety","Streets, traffic & pedestrian safety",,the young woman,a fellow cyclist,"A ""you’re-giving-bikers-a-bad-name"" dart to the young woman who rode her bike down Reservoir Street in the dark with no helmet or rear light and said she ""wasn’t worried about it.…","A ""you’re-giving-bikers-a-bad-name"" dart to the young woman who rode her bike down Reservoir Street in the dark with no helmet or rear light and said she ""wasn’t worried about it."" From a fellow cyclist who cares."
8650,2013-11-04,2013,Fall,2010–2019,PAT,1,pat / praise,👏,0.39,"Police, public safety & city services","Police, public safety & city services | Neighbors, parties & student behavior | Civic identity, media & reputation",Harrisonburg | JMU | Harrisonburg Police,the Harrisonburg Police Department,a news editor,"An ""I-know-it-isn’t-easy"" pat to the Harrisonburg Police Department for protecting the students of JMU. From a news editor who enjoyed talking to some of the officers over the wee…","An ""I-know-it-isn’t-easy"" pat to the Harrisonburg Police Department for protecting the students of JMU. From a news editor who enjoyed talking to some of the officers over the weekend."
8665,2013-11-07,2013,Fall,2010–2019,DART,-1,dart / criticism,🎯,0.48,"Streets, traffic & pedestrian safety","Streets, traffic & pedestrian safety | Campus edge, construction & expansion",JMU,whoever,"all JMU students, faculty and staff","A ""thanks-for-not-doing-anything-again"" dart to whoever is in charge of the ""sacred"" JMU gates when another accident on I-81 caused traffic to be re-routed onto Rt. 11. From all J…","A ""thanks-for-not-doing-anything-again"" dart to whoever is in charge of the ""sacred"" JMU gates when another accident on I-81 caused traffic to be re-routed onto Rt. 11. From all JMU students, faculty and staff who would have appreciated more options when trying to exit campus on Monday."
8658,2013-11-07,2013,Fall,2010–2019,PAT,1,pat / praise,👏,0.4,Local businesses & restaurants,"Streets, traffic & pedestrian safety | Local businesses & restaurants",,Mr. J's Bagels and Deli,a bagel-loving senior,"A ""you-all-are-so-awesome"" pat to the employees at Mr. J’s Bagels and Deli on South High Street for filling so many orders on Sunday morning. From a bagel-loving senior who will w…","A ""you-all-are-so-awesome"" pat to the employees at Mr. J’s Bagels and Deli on South High Street for filling so many orders on Sunday morning. From a bagel-loving senior who will wait an hour for your bagels any day."
8677,2013-11-11,2013,Fall,2010–2019,PAT,1,pat / praise,👏,0.4,Community service & mutual aid,"Local businesses & restaurants | Downtown, arts & events | Community service & mutual aid",Valley Mall,the Valley Mall,a student,"A ""thanks-for-joining-me"" pat to the Valley Mall for putting up Christmas decorations as soon as possible. From a student who’s been listening to Christmas music since October and…","A ""thanks-for-joining-me"" pat to the Valley Mall for putting up Christmas decorations as soon as possible. From a student who’s been listening to Christmas music since October and was excited to see Santa sitting in his chair, waiting to ask kids what they wanted."
8715,2013-12-05,2013,Fall,2010–2019,DART,-1,dart / criticism,🎯,0.4,Community service & mutual aid,Community service & mutual aid,JMU,JMU,one of the students,"A ""do-you-hate-children-and-also-charities?"" dart to JMU for not having a big enough venue to accommodate everyone who wanted to go to Operation Santa Claus on Monday night. From…","A ""do-you-hate-children-and-also-charities?"" dart to JMU for not having a big enough venue to accommodate everyone who wanted to go to Operation Santa Claus on Monday night. From one of the students who was kicked out."
8736,2014-01-16,2014,Spring,2010–2019,PAT,1,pat / praise,👏,0.37,"Downtown, arts & events","Downtown, arts & events",Downtown Harrisonburg,the chicken souvlaki,a senior,"A ""wishful-thinking"" pat to the chicken souvlaki at Dave's. From a senior who remembers Dave's golden days downtown and isn't sure about the new locale.","A ""wishful-thinking"" pat to the chicken souvlaki at Dave's. From a senior who remembers Dave's golden days downtown and isn't sure about the new locale."
8752,2014-01-23,2014,Spring,2010–2019,PAT,1,pat / praise,👏,0.42,"Transit, buses & mobility","Transit, buses & mobility",Harrisonburg | Harrisonburg Transit,the Harrisonburg Department of Public Transportation,a Duke,"A ""thank-you-so-much"" pat to the Harrisonburg Department of Public Transportation for getting everyone home safely on Tuesday morning. From a Duke who is grateful knowing that stu…","A ""thank-you-so-much"" pat to the Harrisonburg Department of Public Transportation for getting everyone home safely on Tuesday morning. From a Duke who is grateful knowing that students can always count on a safe ride home."
8761,2014-01-27,2014,Spring,2010–2019,PAT,1,pat / praise,👏,0.37,Other town-gown moments,,Harrisonburg,Cluckers,a senior,"An ""honorable-discharge"" pat to Cluckers for stepping aside so Dave's could reclaim its throne. From a senior who couldn't leave Harrisonburg without one more steak-and-cheese pit…","An ""honorable-discharge"" pat to Cluckers for stepping aside so Dave's could reclaim its throne. From a senior who couldn't leave Harrisonburg without one more steak-and-cheese pita."
8774,2014-01-30,2014,Spring,2010–2019,PAT,1,pat / praise,👏,0.4,"Streets, traffic & pedestrian safety","Streets, traffic & pedestrian safety | Campus edge, construction & expansion",,the guy,a fellow Duke,"A ""thanks-for-the-tip"" pat to the guy who showed me that there is a pathway through the crazy construction on West Grace Street. From a fellow Duke who is glad that you responded…","A ""thanks-for-the-tip"" pat to the guy who showed me that there is a pathway through the crazy construction on West Grace Street. From a fellow Duke who is glad that you responded when you saw me dejected and confused."
8795,2014-02-03,2014,Spring,2010–2019,PAT,1,pat / praise,👏,0.39,"Neighbors, parties & student behavior","Neighbors, parties & student behavior",,the girl,your server,"A ""you-almost-made-me-cry-tears-of-joy"" pat to the girl that generously tipped her server at Madison Grill on Friday night. From your server, who was having a rough week and neede…","A ""you-almost-made-me-cry-tears-of-joy"" pat to the girl that generously tipped her server at Madison Grill on Friday night. From your server, who was having a rough week and needed the blessing!"
8803,2014-02-06,2014,Spring,2010–2019,DART,-1,dart / criticism,🎯,0.41,"Transit, buses & mobility","Transit, buses & mobility",Harrisonburg | Harrisonburg Transit,the students,a rider,"A ""must-we-add-'basic-bus-etiquette'-as-a-GenEd-requirement?"" dart to the students who fail to move to the back of the bus to accommodate people who are boarding. From a rider who…","A ""must-we-add-'basic-bus-etiquette'-as-a-GenEd-requirement?"" dart to the students who fail to move to the back of the bus to accommodate people who are boarding. From a rider who is constantly amazed at the selfish, oblivious or just plain clueless attitude of many people who ride the Harrisonburg Department of Public Transportation buses."
8840,2014-02-17,2014,Spring,2010–2019,PAT,1,pat / praise,👏,0.44,"Housing, landlords & apartment life","Streets, traffic & pedestrian safety | Parking, towing & cars | Housing, landlords & apartment life | Community service & mutual aid",Pheasant Run,the delivery driver,the house,"An ""it-will-be-OK"" pat to the delivery driver who hit a car in Pheasant Run on Wednesday night. From the house who helped you and hope that everything turned out alright.","An ""it-will-be-OK"" pat to the delivery driver who hit a car in Pheasant Run on Wednesday night. From the house who helped you and hope that everything turned out alright."
8871,2014-02-24,2014,Spring,2010–2019,PAT,1,pat / praise,👏,0.44,"Downtown, arts & events","Downtown, arts & events",Harrisonburg,WXJM,a student,"A ""Harrisonburg-is-big-enough-for-two-good-radio-stations"" pat to WXJM. From a student who appreciates the music and original programs on both WXJM and WNRN.","A ""Harrisonburg-is-big-enough-for-two-good-radio-stations"" pat to WXJM. From a student who appreciates the music and original programs on both WXJM and WNRN."
8881,2014-02-27,2014,Spring,2010–2019,PAT,1,pat / praise,👏,0.42,"Transit, buses & mobility","Streets, traffic & pedestrian safety | Transit, buses & mobility | Local businesses & restaurants",Harrisonburg | Harrisonburg Transit,Jerry from Route 16,a thankful business major,"A ""best-HDPT-bus-driver-in-all-of-Harrisonburg"" pat to Jerry from Route 16 who always brightens my day by remembering my name and giving me a friendly hello. From a thankful busin…","A ""best-HDPT-bus-driver-in-all-of-Harrisonburg"" pat to Jerry from Route 16 who always brightens my day by remembering my name and giving me a friendly hello. From a thankful business major who tries to recognize the amazing people in this world."
8911,2014-03-06,2014,Spring,2010–2019,DART,-1,dart / criticism,🎯,0.37,"Streets, traffic & pedestrian safety","Streets, traffic & pedestrian safety | Transit, buses & mobility | Parking, towing & cars",Harrisonburg Transit,the bus driver,someone,"A ""come-on-now-dude"" dart to the bus driver for making cars miss the green arrow off Devon Lane because you let two buses turn out of Ashby on red. From someone who knew you were…","A ""come-on-now-dude"" dart to the bus driver for making cars miss the green arrow off Devon Lane because you let two buses turn out of Ashby on red. From someone who knew you were looking out for your buddies, but wished you would move for traffic."
8923,2014-03-20,2014,Spring,2010–2019,DART,-1,dart / criticism,🎯,0.47,"Housing, landlords & apartment life","Housing, landlords & apartment life | Local businesses & restaurants | Campus edge, construction & expansion",JMU | Copper Beech,whoever,a UREC employee,"A ""that’s-not-the-JMU-way"" dart to whoever stole my Nike University Recreation jacket from Copper Beech Townhomes two weekends ago. From a UREC employee who thought JMU was better…","A ""that’s-not-the-JMU-way"" dart to whoever stole my Nike University Recreation jacket from Copper Beech Townhomes two weekends ago. From a UREC employee who thought JMU was better than that, and would just really like her jacket back, please."
8940,2014-03-27,2014,Spring,2010–2019,DART,-1,dart / criticism,🎯,0.37,"Housing, landlords & apartment life","Housing, landlords & apartment life",,the boy,a woman,"A ""you-have-lead-feet"" dart to the boy in the nearby apartment who repetitively stomps up and down the stairs to his place. From a woman who will gladly help you to be a little mo…","A ""you-have-lead-feet"" dart to the boy in the nearby apartment who repetitively stomps up and down the stairs to his place. From a woman who will gladly help you to be a little more light on your feet."
8953,2014-04-03,2014,Spring,2010–2019,DART,-1,dart / criticism,🎯,0.4,"Housing, landlords & apartment life","Parking, towing & cars | Housing, landlords & apartment life | Neighbors, parties & student behavior",South View,the people,a fellow resident,"An ""I-remember-the-first-time-I-was-drunk"" dart to the people breaking glass containers in the South View parking lot. From a fellow resident tired of playing ""the floor is lava""…","An ""I-remember-the-first-time-I-was-drunk"" dart to the people breaking glass containers in the South View parking lot. From a fellow resident tired of playing ""the floor is lava"" with all the glass shards on the ground."
8996,2014-04-22,2014,Spring,2010–2019,DART,-1,dart / criticism,🎯,0.4,"Streets, traffic & pedestrian safety","Streets, traffic & pedestrian safety | Campus edge, construction & expansion",Main Street,the people,a driver,"A ""don’t-make-them-build-another-fence-divider"" dart to the people who like to play chicken on every part of South Main Street and not just the area near Anthony-Seeger Hall. From…","A ""don’t-make-them-build-another-fence-divider"" dart to the people who like to play chicken on every part of South Main Street and not just the area near Anthony-Seeger Hall. From a driver who is going to start speeding up whenever you take your sweet time."
9049,2014-09-01,2014,Fall,2010–2019,DART,-1,dart / criticism,🎯,0.37,"Housing, landlords & apartment life","Streets, traffic & pedestrian safety | Police, public safety & city services | Housing, landlords & apartment life",Harrisonburg | Harrisonburg Police,the motorcyclist,a resident,"A ""busted"" dart to the motorcyclist who raced up Paul Street at 5 a.m. Saturday morning. From a resident who has a video, your license plate number and a few friends in the Harris…","A ""busted"" dart to the motorcyclist who raced up Paul Street at 5 a.m. Saturday morning. From a resident who has a video, your license plate number and a few friends in the Harrisonburg Police Department."
9076,2014-09-11,2014,Fall,2010–2019,DART,-1,dart / criticism,🎯,0.4,"Streets, traffic & pedestrian safety","Streets, traffic & pedestrian safety | Parking, towing & cars | Neighbors, parties & student behavior",,the car,a senior,"A ""respect-the-rules-of-the-road"" dart to the car that saw they were going to hit me while turning on South Mason Street and kept going. From a senior who always yields to pedestr…","A ""respect-the-rules-of-the-road"" dart to the car that saw they were going to hit me while turning on South Mason Street and kept going. From a senior who always yields to pedestrians and thinks you should too."
9082,2014-09-11,2014,Fall,2010–2019,DART,-1,dart / criticism,🎯,0.37,"Housing, landlords & apartment life","Housing, landlords & apartment life",,my apartment complex,a frustrated resident,"A ""big-ol’-middle-finger"" dart to my apartment complex for continuing to not follow through with its slew of promises. From a frustrated resident who would complain, but your club…","A ""big-ol’-middle-finger"" dart to my apartment complex for continuing to not follow through with its slew of promises. From a frustrated resident who would complain, but your clubhouse isn’t even finished being renovated."
9110,2014-09-25,2014,Fall,2010–2019,DART,-1,dart / criticism,🎯,0.47,"Parking, towing & cars","Parking, towing & cars",,the jerk,a student,"A huge ""thanks-for-costing-me-100-dollars!"" dart to the jerk who threw a rock through my car window. From a student who also has a ""thanks-for-nothing"" dart to the dummy cameras t…","A huge ""thanks-for-costing-me-100-dollars!"" dart to the jerk who threw a rock through my car window. From a student who also has a ""thanks-for-nothing"" dart to the dummy cameras that don’t record a thing in their renters’ parking lots."
9136,2014-10-06,2014,Fall,2010–2019,DART,-1,dart / criticism,🎯,0.4,"Streets, traffic & pedestrian safety","Streets, traffic & pedestrian safety",Port Republic Road,the people,a senior,"A ""that’s-how-people-die"" dart to the people who run across Port Republic Road and Devon Lane at locations without a crosswalk. From a senior who knows that waiting for a crossing…","A ""that’s-how-people-die"" dart to the people who run across Port Republic Road and Devon Lane at locations without a crosswalk. From a senior who knows that waiting for a crossing sign can save a life."
9164,2014-10-20,2014,Fall,2010–2019,DART,-1,dart / criticism,🎯,0.46,"Campus edge, construction & expansion","Police, public safety & city services | Community service & mutual aid | Campus edge, construction & expansion",Harrisonburg | City of Harrisonburg | JMU,the JMU administration and Harrisonburg City Council,a senior,"A ""please-do-less"" dart to the JMU administration and Harrisonburg City Council for believing that we can support a campus hotel when George Mason University, the biggest commuter…","A ""please-do-less"" dart to the JMU administration and Harrisonburg City Council for believing that we can support a campus hotel when George Mason University, the biggest commuter school in Virginia, couldn’t even do it. From a senior who wants to visit JMU later in life and have it look at least mildly similar to what it is now."
9184,2014-10-30,2014,Fall,2010–2019,DART,-1,dart / criticism,🎯,0.39,"Downtown, arts & events","Downtown, arts & events",,UPB,a freshman,"A ""dammit-Janet"" dart to UPB for having its Rocky Horror show on the same nights and times as Court Square Theater. From a freshman who was hoping to do the Time Warp more than on…","A ""dammit-Janet"" dart to UPB for having its Rocky Horror show on the same nights and times as Court Square Theater. From a freshman who was hoping to do the Time Warp more than once this week."
9179,2014-10-30,2014,Fall,2010–2019,DART,-1,dart / criticism,🎯,0.43,Local businesses & restaurants,Local businesses & restaurants | Community service & mutual aid,,Hburgcakes,a senior,"A ""what-a-waste"" dart to Hburgcakes for making fresh cupcakes and leaving them in dirty potholes instead of giving them to a homeless shelter where people really need food. From a…","A ""what-a-waste"" dart to Hburgcakes for making fresh cupcakes and leaving them in dirty potholes instead of giving them to a homeless shelter where people really need food. From a senior who has donated and helped with food drives her whole life and hates to see food wasted."
9191,2014-11-03,2014,Fall,2010–2019,DART,-1,dart / criticism,🎯,0.37,"Housing, landlords & apartment life","Housing, landlords & apartment life",,whoever,a senior,"A ""who-do-you-think-you-are"" dart to whoever egged my apartment in The Harrison when a sick female was the only one home. From a senior who’s over all the immaturity.","A ""who-do-you-think-you-are"" dart to whoever egged my apartment in The Harrison when a sick female was the only one home. From a senior who’s over all the immaturity."
9187,2014-11-03,2014,Fall,2010–2019,DART,-1,dart / criticism,🎯,0.41,"Neighbors, parties & student behavior","Neighbors, parties & student behavior",JMU,the lowlife,a JMU neighbor,"An ""R.I.P."" dart to the lowlife who stole our Halloween lawn display. From a JMU neighbor who hopes you don’t R.I.P., but rot in hell.","An ""R.I.P."" dart to the lowlife who stole our Halloween lawn display. From a JMU neighbor who hopes you don’t R.I.P., but rot in hell."
9215,2014-11-17,2014,Fall,2010–2019,DART,-1,dart / criticism,🎯,0.4,"Civic identity, media & reputation","Civic identity, media & reputation",,a local hair salon,"a disgruntled ""would be"" customer","A ""then-why-is-it-there"" dart to a local hair salon for continuing to run coupon ads and then not honoring them because they expired in May 2014. (Three ads in the past four weeks…","A ""then-why-is-it-there"" dart to a local hair salon for continuing to run coupon ads and then not honoring them because they expired in May 2014. (Three ads in the past four weeks.) From a disgruntled ""would be"" customer."
9240,2015-01-20,2015,Spring,2010–2019,DART,-1,dart / criticism,🎯,0.45,"Streets, traffic & pedestrian safety","Streets, traffic & pedestrian safety | Parking, towing & cars",Main Street,the terrible driver,a pissed-off student,"A ""learn-to-drive"" dart to the terrible driver of the red sedan who practically ran into me at the intersection of MLK and South Main Street. From a pissed-off student who would b…","A ""learn-to-drive"" dart to the terrible driver of the red sedan who practically ran into me at the intersection of MLK and South Main Street. From a pissed-off student who would be more than happy to give you a piece of her mind, but not a piece of her car."
9276,2015-02-12,2015,Spring,2010–2019,PAT,1,pat / praise,👏,0.4,"Campus edge, construction & expansion","Streets, traffic & pedestrian safety | Transit, buses & mobility | Campus edge, construction & expansion",Harrisonburg | Harrisonburg Transit,the Harrisonburg bus driver,a grateful student,"A ""lights-out"" pat to the Harrisonburg bus driver who pulled up beside me on campus at a light to let me know that one of my brake lights was out. From a grateful student who got…","A ""lights-out"" pat to the Harrisonburg bus driver who pulled up beside me on campus at a light to let me know that one of my brake lights was out. From a grateful student who got the light fixed immediately afterward, fortunately before being pulled over again."
9278,2015-02-12,2015,Spring,2010–2019,DART,-1,dart / criticism,🎯,0.4,Other town-gown moments,,,Madison Grill,the couple,"A ""thank-you-for-your-time-on-a-quiet-uncrowded-Tuesday-night"" dart to Madison Grill. From the couple with reservations who waited 10 minutes to be seated, spent 25 minutes withou…","A ""thank-you-for-your-time-on-a-quiet-uncrowded-Tuesday-night"" dart to Madison Grill. From the couple with reservations who waited 10 minutes to be seated, spent 25 minutes without being acknowledged at all and left in 35 minutes."
9286,2015-02-19,2015,Spring,2010–2019,PAT,1,pat / praise,👏,0.41,"Transit, buses & mobility","Streets, traffic & pedestrian safety | Transit, buses & mobility",Harrisonburg Transit,the HDPT Route 12 bus driver,a senior,"A ""you’re-the-best"" pat to the HDPT Route 12 bus driver who saw that our bus hadn’t come and took everyone home, even those not on his route, because he didn’t want them to wait o…","A ""you’re-the-best"" pat to the HDPT Route 12 bus driver who saw that our bus hadn’t come and took everyone home, even those not on his route, because he didn’t want them to wait out in the cold during a snowstorm. From a senior who learned a thing or two from you about what random acts of service look like."
9300,2015-02-26,2015,Spring,2010–2019,DART,-1,dart / criticism,🎯,0.38,"Parking, towing & cars","Streets, traffic & pedestrian safety | Parking, towing & cars | Police, public safety & city services | Weather, environment & infrastructure",Harrisonburg | City of Harrisonburg,the snow plow drivers and the city of Harrisonburg,a shovel-less senior,"A ""hey-that’s-my-car"" dart to the snow plow drivers and the city of Harrisonburg for deciding that it was OK to bury all of the cars on my street in snow. From a shovel-less senio…","A ""hey-that’s-my-car"" dart to the snow plow drivers and the city of Harrisonburg for deciding that it was OK to bury all of the cars on my street in snow. From a shovel-less senior who would rather not walk to class in the frigid cold just because she can’t open her car door."
9323,2015-03-23,2015,Spring,2010–2019,DART,-1,dart / criticism,🎯,0.4,"Streets, traffic & pedestrian safety","Streets, traffic & pedestrian safety | Parking, towing & cars | Campus edge, construction & expansion",,the construction workers,a grad student,"A ""share-the-road"" dart to the construction workers who park in the gravel lot on Grace Street. They speed, have almost hit me twice and take up the parking spaces I pay for inste…","A ""share-the-road"" dart to the construction workers who park in the gravel lot on Grace Street. They speed, have almost hit me twice and take up the parking spaces I pay for instead of parking in their own lot. From a grad student who’s just trying to make it to clinic on time and alive."
9335,2015-03-30,2015,Spring,2010–2019,DART,-1,dart / criticism,🎯,0.41,"Housing, landlords & apartment life","Housing, landlords & apartment life | Neighbors, parties & student behavior",,the drunk girls,a junior,"A ""do-less"" dart to the drunk girls who stole the bow off of my front door. From a junior who doesn’t know which apartment is hers anymore.","A ""do-less"" dart to the drunk girls who stole the bow off of my front door. From a junior who doesn’t know which apartment is hers anymore."
9342,2015-04-07,2015,Spring,2010–2019,DART,-1,dart / criticism,🎯,0.36,"Streets, traffic & pedestrian safety","Streets, traffic & pedestrian safety | Parking, towing & cars",,the girl,someone,"A ""try-reading-the-sign"" dart to the girl who paid $1 for 15 minutes of parking. From someone who knows the Grace Street meters don’t give change.","A ""try-reading-the-sign"" dart to the girl who paid $1 for 15 minutes of parking. From someone who knows the Grace Street meters don’t give change."
9371,2015-04-20,2015,Spring,2010–2019,DART,-1,dart / criticism,🎯,0.4,"Housing, landlords & apartment life","Housing, landlords & apartment life | Neighbors, parties & student behavior",,the drunk girl,someone,"A ""figure-out-your-own-address"" dart to the drunk girl who thought she lived in my apartment. From someone who doesn’t like being woken up to yelling and banging at 3 a.m. because…","A ""figure-out-your-own-address"" dart to the drunk girl who thought she lived in my apartment. From someone who doesn’t like being woken up to yelling and banging at 3 a.m. because you can’t get yourself home."
9373,2015-04-23,2015,Spring,2010–2019,PAT,1,pat / praise,👏,0.4,"Civic identity, media & reputation","Civic identity, media & reputation",Harrisonburg | JMU,Alpha Phi Omega,a person,"A ""meeting-you-guys-has-changed-my-life"" pat to Alpha Phi Omega, the co-ed service fraternity that brings love and sunshine to both JMU and the Harrisonburg community. From a pers…","A ""meeting-you-guys-has-changed-my-life"" pat to Alpha Phi Omega, the co-ed service fraternity that brings love and sunshine to both JMU and the Harrisonburg community. From a person lucky enough to be a brother of this organization and surrounded by the most passionate, inspiring people."
9381,2015-04-27,2015,Spring,2010–2019,PAT,1,pat / praise,👏,0.4,"Neighbors, parties & student behavior","Neighbors, parties & student behavior | Local businesses & restaurants",,everyone,a senior,"A ""you-do-a-top-notch-job"" pat to everyone at Jack Brown’s. From a senior who’s grateful for every moment spent at her college bar, starting with Friday Greg Bradys freshman year…","A ""you-do-a-top-notch-job"" pat to everyone at Jack Brown’s. From a senior who’s grateful for every moment spent at her college bar, starting with Friday Greg Bradys freshman year and ending at the 100 beer mark."
9402,2015-05-07,2015,Spring,2010–2019,PAT,1,pat / praise,👏,0.36,"Police, public safety & city services","Police, public safety & city services | Housing, landlords & apartment life",Harrisonburg Police,the police officer,an appreciative senior,"A ""safety-first"" pat to the police officer who came to my apartment to explain my rights in a friendly way. From an appreciative senior.","A ""safety-first"" pat to the police officer who came to my apartment to explain my rights in a friendly way. From an appreciative senior."
9416,2015-09-14,2015,Fall,2010–2019,DART,-1,dart / criticism,🎯,0.41,"Downtown, arts & events","Downtown, arts & events",JMU | Downtown Harrisonburg,whoever,two JMU grads,"A ""hope-you-don’t-go-here"" dart to whoever stole the sign in front of Sam’s Cornhole Bags downtown. From two JMU grads who would really like it back.","A ""hope-you-don’t-go-here"" dart to whoever stole the sign in front of Sam’s Cornhole Bags downtown. From two JMU grads who would really like it back."
9431,2015-09-21,2015,Fall,2010–2019,DART,-1,dart / criticism,🎯,0.4,"Transit, buses & mobility","Transit, buses & mobility",Harrisonburg Transit,the HDPT shopper bus,a student,"A ""keep-us-posted"" dart to the HDPT shopper bus for not going to Target anymore and not telling anyone about the change. From a student who got on the bus Wednesday and was surpri…","A ""keep-us-posted"" dart to the HDPT shopper bus for not going to Target anymore and not telling anyone about the change. From a student who got on the bus Wednesday and was surprised to find that I wouldn’t be going shopping after all."
9488,2015-10-19,2015,Fall,2010–2019,DART,-1,dart / criticism,🎯,0.37,"Housing, landlords & apartment life","Housing, landlords & apartment life | Downtown, arts & events",,the people,the apartment below you,"A ""have-some-consideration"" dart to the people who sing karaoke until 2 a.m. on weeknights. From the apartment below you who appreciates your music taste, but needs their beauty s…","A ""have-some-consideration"" dart to the people who sing karaoke until 2 a.m. on weeknights. From the apartment below you who appreciates your music taste, but needs their beauty sleep."
9495,2015-10-22,2015,Fall,2010–2019,DART,-1,dart / criticism,🎯,0.37,"Streets, traffic & pedestrian safety","Streets, traffic & pedestrian safety",,the girl,a not-so-concerned bystander,"A ""who-do-you-think-you-are?"" dart to the girl who cat walked across Martin Luther King Jr. Way in the middle of rush hour traffic. From a not-so-concerned bystander.","A ""who-do-you-think-you-are?"" dart to the girl who cat walked across Martin Luther King Jr. Way in the middle of rush hour traffic. From a not-so-concerned bystander."
9528,2015-11-05,2015,Fall,2010–2019,DART,-1,dart / criticism,🎯,0.39,"Transit, buses & mobility","Transit, buses & mobility | Civic identity, media & reputation",Harrisonburg Transit,the opinion columnist,someone,"A ""ride-a-bike-or-walk"" dart to the opinion columnist complaining about bus routes. From someone who knows that it’s your responsibility to get to class on time, not HDPT’s.","A ""ride-a-bike-or-walk"" dart to the opinion columnist complaining about bus routes. From someone who knows that it’s your responsibility to get to class on time, not HDPT’s."
9546,2015-11-12,2015,Fall,2010–2019,DART,-1,dart / criticism,🎯,0.4,"Transit, buses & mobility","Transit, buses & mobility | Campus edge, construction & expansion | Civic identity, media & reputation",Harrisonburg Transit,the opinion columnist,someone,"A ""you-chose-to-live-in-Copper-Beech"" dart to the opinion columnist who darted me back after I darted her about complaining about the HDPT bus routes. From someone once again stat…","A ""you-chose-to-live-in-Copper-Beech"" dart to the opinion columnist who darted me back after I darted her about complaining about the HDPT bus routes. From someone once again stating that it’s your responsibility to get to class, no one else’s, and maybe you should move closer to campus next year."
9572,2015-12-07,2015,Fall,2010–2019,PAT,1,pat / praise,👏,0.38,"Housing, landlords & apartment life","Streets, traffic & pedestrian safety | Transit, buses & mobility | Housing, landlords & apartment life",Harrisonburg Transit | Sunchase,the Route 8 bus driver,a Sunchase resident,"An ""I-appreciate-you"" pat to the Route 8 bus driver. From a Sunchase resident.","An ""I-appreciate-you"" pat to the Route 8 bus driver. From a Sunchase resident."
9584,2016-01-14,2016,Spring,2010–2019,PAT,1,pat / praise,👏,0.44,"Housing, landlords & apartment life","Parking, towing & cars | Housing, landlords & apartment life | Campus edge, construction & expansion",Campus View,JL Towing,an irresponsible Campus View resident,"A ""you-da-real-MVP"" pat to JL Towing for giving me a break when my car got towed from my own apartment complex. From an irresponsible Campus View resident.","A ""you-da-real-MVP"" pat to JL Towing for giving me a break when my car got towed from my own apartment complex. From an irresponsible Campus View resident."
9589,2016-01-14,2016,Spring,2010–2019,DART,-1,dart / criticism,🎯,0.42,"Neighbors, parties & student behavior","Neighbors, parties & student behavior | Downtown, arts & events",,my next door neighbors,a crotchety senior,"A ""calm-down"" dart to my next door neighbors for playing loud music late at night for the past week. From a crotchety senior who wishes you would do less.","A ""calm-down"" dart to my next door neighbors for playing loud music late at night for the past week. From a crotchety senior who wishes you would do less."
9606,2016-01-28,2016,Spring,2010–2019,DART,-1,dart / criticism,🎯,0.38,"Weather, environment & infrastructure","Housing, landlords & apartment life | Neighbors, parties & student behavior | Weather, environment & infrastructure",,the Squire Hill resident,a neighbor,"A ""get-your-s***-together"" dart to the Squire Hill resident who’s decided that they don’t have to pick up their dog’s poop since there’s snow on the ground. From a neighbor who ha…","A ""get-your-s***-together"" dart to the Squire Hill resident who’s decided that they don’t have to pick up their dog’s poop since there’s snow on the ground. From a neighbor who has a hard enough time walking through the snow and doesn’t want to worry about stepping in dog poop, too."
9608,2016-01-28,2016,Spring,2010–2019,DART,-1,dart / criticism,🎯,0.39,"Housing, landlords & apartment life","Housing, landlords & apartment life | Community service & mutual aid | Weather, environment & infrastructure",Sunchase,the guys,a junior,"A ""what’s-your-problem?"" dart to the guys throwing snowballs from their apartment at everyone shoveling snow in Sunchase. From a junior who thinks you could have helped instead.","A ""what’s-your-problem?"" dart to the guys throwing snowballs from their apartment at everyone shoveling snow in Sunchase. From a junior who thinks you could have helped instead."
9620,2016-02-11,2016,Spring,2010–2019,PAT,1,pat / praise,👏,0.37,"Neighbors, parties & student behavior","Police, public safety & city services | Neighbors, parties & student behavior | Weather, environment & infrastructure",,Southview’s groundskeeping staff,a student,"An ""I-can’t-believe-you-put-up-with-this"" pat to Southview’s groundskeeping staff for putting up with trash left behind by students after each weekend. From a student who is sadde…","An ""I-can’t-believe-you-put-up-with-this"" pat to Southview’s groundskeeping staff for putting up with trash left behind by students after each weekend. From a student who is saddened at the messes some people leave behind."
9622,2016-02-11,2016,Spring,2010–2019,DART,-1,dart / criticism,🎯,0.4,"Neighbors, parties & student behavior","Police, public safety & city services | Neighbors, parties & student behavior | Civic identity, media & reputation | Weather, environment & infrastructure",JMU,the guy,a student,"A ""mind-your-manners"" dart to the guy in Southview who throws his beer cans out of his bedroom window instead of using a garbage can (or better yet, a recycling bin). From a stude…","A ""mind-your-manners"" dart to the guy in Southview who throws his beer cans out of his bedroom window instead of using a garbage can (or better yet, a recycling bin). From a student who’s tired of bad apples making JMU students seem disrespectful to the surrounding community."
9628,2016-02-18,2016,Spring,2010–2019,PAT,1,pat / praise,👏,0.37,"Housing, landlords & apartment life","Parking, towing & cars | Housing, landlords & apartment life | Local businesses & restaurants | Weather, environment & infrastructure",,the employees,a resident,"A ""you-guys-rock"" pat to the employees of Foxhill Townhomes for always clearing the snow as soon as possible. From a resident who appreciates not having to shovel out my car or sl…","A ""you-guys-rock"" pat to the employees of Foxhill Townhomes for always clearing the snow as soon as possible. From a resident who appreciates not having to shovel out my car or slipping on the ice."
9660,2016-03-31,2016,Spring,2010–2019,DART,-1,dart / criticism,🎯,0.39,"Streets, traffic & pedestrian safety","Streets, traffic & pedestrian safety | Police, public safety & city services",Main Street | Harrisonburg Police,the cop,a broke student,"A ""give-me-a-break"" dart to the cop who gave me a ticket on South Main Street. From a broke student who could’ve gone without paying $65.","A ""give-me-a-break"" dart to the cop who gave me a ticket on South Main Street. From a broke student who could’ve gone without paying $65."
9680,2016-04-28,2016,Spring,2010–2019,PAT,1,pat / praise,👏,0.44,Community service & mutual aid,"Downtown, arts & events | Community service & mutual aid",,the Duke Dog,someone,"A ""that-was-a-lovely-show-of-kindness"" pat to the Duke Dog for stepping over to offer a hug to a visibly grieving Turner Ashby High School band member after a moment of silence in…","A ""that-was-a-lovely-show-of-kindness"" pat to the Duke Dog for stepping over to offer a hug to a visibly grieving Turner Ashby High School band member after a moment of silence in memoriam of fellow high school student Gabe Chester at the AHA HeartChase on Saturday. From someone who appreciated the heart of her fuzzy alma mater mascot and sends hugs to all who are touched by this loss."
9681,2016-04-28,2016,Spring,2010–2019,PAT,1,pat / praise,👏,0.45,"Streets, traffic & pedestrian safety","Streets, traffic & pedestrian safety",Main Street,the young woman,a faculty member,"A ""thank-goodness-you-were-there"" pat to the young woman who stopped traffic on Main Street to ensure the safety of the mama duck and ducklings that were crossing the road (and no…","A ""thank-goodness-you-were-there"" pat to the young woman who stopped traffic on Main Street to ensure the safety of the mama duck and ducklings that were crossing the road (and not on the crosswalk, either!). From a faculty member who’s still smiling. You made my day!"
9714,2016-09-22,2016,Fall,2010–2019,DART,-1,dart / criticism,🎯,0.37,"Neighbors, parties & student behavior","Neighbors, parties & student behavior | Downtown, arts & events",,my neighbors,someone,"A ""shut-the-hell-up"" dart to my neighbors in Southview who blast music for many hours every weekend. From someone who likes to party but also likes to sleep.","A ""shut-the-hell-up"" dart to my neighbors in Southview who blast music for many hours every weekend. From someone who likes to party but also likes to sleep."
9740,2016-10-20,2016,Fall,2010–2019,DART,-1,dart / criticism,🎯,0.4,"Housing, landlords & apartment life","Housing, landlords & apartment life | Neighbors, parties & student behavior | Downtown, arts & events",,the apartment below me,a resident,"An ""I'm-trying-to-live-here"" dart to the apartment below me in Southview for playing music so loud it shakes my floor multiple times a week. From a resident tired of living above…","An ""I'm-trying-to-live-here"" dart to the apartment below me in Southview for playing music so loud it shakes my floor multiple times a week. From a resident tired of living above an earthquake with bad taste in music."
9739,2016-10-20,2016,Fall,2010–2019,PAT,1,pat / praise,👏,0.36,Other town-gown moments,,,Pure Eats,a hungry junior,"A ""more-please"" pat to Pure Eats for making delicious donuts. From a hungry junior whose emotional eating has been satisfied.","A ""more-please"" pat to Pure Eats for making delicious donuts. From a hungry junior whose emotional eating has been satisfied."
9767,2016-12-01,2016,Fall,2010–2019,DART,-1,dart / criticism,🎯,0.37,"Parking, towing & cars","Parking, towing & cars",,the parking sign,a student,"A ""what-is-this-the-apocalypse?"" dart to the parking sign at Warsaw for not working on Tuesday. From a student who needs to know how many spots are open before driving around endl…","A ""what-is-this-the-apocalypse?"" dart to the parking sign at Warsaw for not working on Tuesday. From a student who needs to know how many spots are open before driving around endlessly."
9814,2017-02-16,2017,Spring,2010–2019,PAT,1,pat / praise,👏,0.39,Local businesses & restaurants,Local businesses & restaurants,Artful Dodger,Jeremy from The Artful Dodger,a senior,"A ""you’re-the-real-MVP"" pat to Jeremy from The Artful Dodger for driving my friends and me home. From a senior who had a little too much to drink.","A ""you’re-the-real-MVP"" pat to Jeremy from The Artful Dodger for driving my friends and me home. From a senior who had a little too much to drink."
9900,2017-09-28,2017,Fall,2010–2019,DART,-1,dart / criticism,🎯,0.4,"Housing, landlords & apartment life","Housing, landlords & apartment life | Neighbors, parties & student behavior",Harrisonburg | JMU,the JMU student,a resident,"A ""can-you-not"" dart to the JMU student who took the liberty to relieve himself in my yard on Sept. 23. He did this in broad daylight and peed all over my fence. From a resident w…","A ""can-you-not"" dart to the JMU student who took the liberty to relieve himself in my yard on Sept. 23. He did this in broad daylight and peed all over my fence. From a resident who hopes you can have more respect for yourself as well as the people of Harrisonburg."
9937,2017-11-30,2017,Fall,2010–2019,DART,-1,dart / criticism,🎯,0.37,"Downtown, arts & events","Downtown, arts & events",,Student Ambassadors,a political science student,"A ""you-aren’t-even-trying"" dart to Student Ambassadors for their commitment to ""inclusivity,"" yet hosting an obviously exclusive Operation Santa Claus event. From a political scie…","A ""you-aren’t-even-trying"" dart to Student Ambassadors for their commitment to ""inclusivity,"" yet hosting an obviously exclusive Operation Santa Claus event. From a political science student who highly believes in separation of church and state."
9942,2017-12-07,2017,Fall,2010–2019,DART,-1,dart / criticism,🎯,0.39,"Housing, landlords & apartment life","Housing, landlords & apartment life",,my apartment complex,an angry resident,"A ""please-come-fix-my-door"" dart to my apartment complex for ignoring my pleas for help. From an angry resident.","A ""please-come-fix-my-door"" dart to my apartment complex for ignoring my pleas for help. From an angry resident."
9966,2018-02-08,2018,Spring,2010–2019,DART,-1,dart / criticism,🎯,0.42,"Campus edge, construction & expansion","Campus edge, construction & expansion",Harrisonburg | JMU,JMU,a recent alumna,"A ""build-the-change"" dart to JMU for tearing down buildings and replacing them with structural behemoths that lack creative, innovative or ecologically conscious design. (Don’t ev…","A ""build-the-change"" dart to JMU for tearing down buildings and replacing them with structural behemoths that lack creative, innovative or ecologically conscious design. (Don’t even get me started on Hotel Madison.) From a recent alumna who wishes you would command a greater standard of excellence, and recognize the impact you have on not only the university population, but Harrisonburg and the Shenandoah Valley as a whole."
10088,2019-01-24,2019,Spring,2010–2019,DART,-1,dart / criticism,🎯,0.45,"Transit, buses & mobility","Streets, traffic & pedestrian safety | Transit, buses & mobility",Harrisonburg Transit,City Transit,a rider,"A ""please-follow-your-published-MLK-Day-schedule"" dart to City Transit. From a rider who appreciated the MLK Day services but suggests adjusting the schedule in the future to acco…","A ""please-follow-your-published-MLK-Day-schedule"" dart to City Transit. From a rider who appreciated the MLK Day services but suggests adjusting the schedule in the future to account for driver breaks."
10115,2019-04-04,2019,Spring,2010–2019,DART,-1,dart / criticism,🎯,0.39,"Housing, landlords & apartment life","Housing, landlords & apartment life",,the guy,a guy,"An ""I-have-a-headache"" dart to the guy with the bright purple LED headlights who parked in front of my apartment for six hours last night. From a guy who didn't get a wink of slee…","An ""I-have-a-headache"" dart to the guy with the bright purple LED headlights who parked in front of my apartment for six hours last night. From a guy who didn't get a wink of sleep."
10148,2019-09-19,2019,Fall,2010–2019,PAT,1,pat / praise,👏,0.44,"Transit, buses & mobility","Streets, traffic & pedestrian safety | Transit, buses & mobility",Harrisonburg Transit,all of the HDPT bus drivers,a freshman,"A ""thanks-for-the-smile"" pat to all of the HDPT bus drivers who broadcast sweet messages on their digital displays. From a freshman who isn’t always feeling the happiest.","A ""thanks-for-the-smile"" pat to all of the HDPT bus drivers who broadcast sweet messages on their digital displays. From a freshman who isn’t always feeling the happiest."
10153,2019-09-26,2019,Fall,2010–2019,DART,-1,dart / criticism,🎯,0.37,"Streets, traffic & pedestrian safety","Streets, traffic & pedestrian safety | Parking, towing & cars",Port Republic Road,the man,someone,"A quick, enthusiastic ""you’re-insane"" dart to the man who thinks it’s OK to zoom across three lanes of traffic on Port Republic on a Bird scooter. From someone who doesn’t feel li…","A quick, enthusiastic ""you’re-insane"" dart to the man who thinks it’s OK to zoom across three lanes of traffic on Port Republic on a Bird scooter. From someone who doesn’t feel like hitting a guy with my car."
10169,2019-10-24,2019,Fall,2010–2019,DART,-1,dart / criticism,🎯,0.44,"Transit, buses & mobility","Transit, buses & mobility",Harrisonburg Transit,HDPT,a guy,"A ""my-legs-are-tired"" dart to HDPT for not having a bus when they usually do and making me walk to ISAT. From a guy who got there late and missed the quiz.","A ""my-legs-are-tired"" dart to HDPT for not having a bus when they usually do and making me walk to ISAT. From a guy who got there late and missed the quiz."
10183,2019-11-14,2019,Fall,2010–2019,DART,-1,dart / criticism,🎯,0.36,"Parking, towing & cars","Parking, towing & cars | Housing, landlords & apartment life",Sunchase,the girl,a guy,"A ""use-your-head"" dart to the girl who nearly killed me while backing out of her parking spot in Sunchase. From a guy who laid on the horn.","A ""use-your-head"" dart to the girl who nearly killed me while backing out of her parking spot in Sunchase. From a guy who laid on the horn."
10189,2020-01-16,2020,Spring,2020–2026,PAT,1,pat / praise,👏,0.48,"Weather, environment & infrastructure","Weather, environment & infrastructure",JMU,"Virginia Tech, U.Va., William & Mary and EMU",a JMU alum,"A ""way-to-be-a-leader"" pat to Virginia Tech, U.Va., William & Mary and EMU for their efforts in the arenas of sustainability and environmentalism. From a JMU alum who is truly emb…","A ""way-to-be-a-leader"" pat to Virginia Tech, U.Va., William & Mary and EMU for their efforts in the arenas of sustainability and environmentalism. From a JMU alum who is truly embarrassed and ashamed that her alma mater is neither a leader NOR even a FOLLOWER in this 50th anniversary year of Earth Day."
10214,2020-02-27,2020,Spring,2020–2026,PAT,1,pat / praise,👏,0.4,"Weather, environment & infrastructure","Campus edge, construction & expansion | Weather, environment & infrastructure",Harrisonburg,the new nonprofit,someone,"A ""looking-forward-to-April-22"" pat to the new nonprofit, Earth Day Every Day, of Harrisonburg for bringing a person of the stature of Bea Johnson to campus on Earth Day. From som…","A ""looking-forward-to-April-22"" pat to the new nonprofit, Earth Day Every Day, of Harrisonburg for bringing a person of the stature of Bea Johnson to campus on Earth Day. From someone who hopes you have an SRO crowd to hear her important message for the planet."
10229,2020-09-17,2020,Fall,2020–2026,DART,-1,dart / criticism,🎯,0.38,Local businesses & restaurants,Local businesses & restaurants,Harrisonburg,the students,an alumna,"A ""you-had-it-coming"" dart to the students who partied, spread the virus, and then complained about being sent home. Now the economy of Harrisonburg will be even more negatively i…","A ""you-had-it-coming"" dart to the students who partied, spread the virus, and then complained about being sent home. Now the economy of Harrisonburg will be even more negatively impacted and people will lose their jobs, homes and food because you didn’t behave. From an alumna who is glad she graduated two years ago."
10243,2020-10-08,2020,Fall,2020–2026,DART,-1,dart / criticism,🎯,0.36,"Housing, landlords & apartment life","Housing, landlords & apartment life",,maintenance,a girl with a stinky apartment,"A ""took-you-long-enough"" dart to maintenance for taking a week to fix my garbage disposal. From a girl with a stinky apartment.","A ""took-you-long-enough"" dart to maintenance for taking a week to fix my garbage disposal. From a girl with a stinky apartment."
10250,2020-10-22,2020,Fall,2020–2026,PAT,1,pat / praise,👏,0.39,Other town-gown moments,,Harrisonburg,the Harrisonburg first responders,someone,"A ""you-rock!"" pat to the Harrisonburg first responders. From someone who feels safer knowing how efficient you are.","A ""you-rock!"" pat to the Harrisonburg first responders. From someone who feels safer knowing how efficient you are."
10259,2020-11-05,2020,Fall,2020–2026,PAT,1,pat / praise,👏,0.39,"Downtown, arts & events","Downtown, arts & events",Downtown Harrisonburg,the adults,someone,"A ""you-guys-rock!"" pat to the adults I saw standing on a corner downtown Tuesday and encouraging people to vote. From someone who rarely sees adults being activists and was pleasa…","A ""you-guys-rock!"" pat to the adults I saw standing on a corner downtown Tuesday and encouraging people to vote. From someone who rarely sees adults being activists and was pleasantly surprised."
10301,2021-04-08,2021,Spring,2020–2026,DART,-1,dart / criticism,🎯,0.41,"Housing, landlords & apartment life","Housing, landlords & apartment life | Neighbors, parties & student behavior",,my landlord,someone,"A ""no-thanks!"" dart to my landlord for trying to match me with guys who party every week. From someone who wants to stay healthy and safe.","A ""no-thanks!"" dart to my landlord for trying to match me with guys who party every week. From someone who wants to stay healthy and safe."
10312,2021-08-19,2021,Fall,2020–2026,PAT,1,pat / praise,👏,0.42,"Housing, landlords & apartment life","Housing, landlords & apartment life",,my friend,someone,"A ""you're-the-best!"" pat to my friend for letting me stay at his place until my very late lease begins. From someone who wants to move into their new home.","A ""you're-the-best!"" pat to my friend for letting me stay at his place until my very late lease begins. From someone who wants to move into their new home."
10313,2021-08-19,2021,Fall,2020–2026,DART,-1,dart / criticism,🎯,0.37,"Housing, landlords & apartment life","Housing, landlords & apartment life",Harrisonburg | Olde Mill,whoever,someone,"A ""you-can-do-better"" dart to whoever's in charge of plumbing at The Mill because the water never seems to work. From someone who's a little less excited to move back to Harrisonb…","A ""you-can-do-better"" dart to whoever's in charge of plumbing at The Mill because the water never seems to work. From someone who's a little less excited to move back to Harrisonburg."
10318,2021-09-02,2021,Fall,2020–2026,PAT,1,pat / praise,👏,0.42,"Transit, buses & mobility","Streets, traffic & pedestrian safety | Transit, buses & mobility | Campus edge, construction & expansion",Harrisonburg | Harrisonburg Transit,the bus driver,a student,"A ""thanks-for-understanding-me"" pat to the bus driver in Harrisonburg who gave me a ride back to campus even though she had just finished her last run and was about to leave for t…","A ""thanks-for-understanding-me"" pat to the bus driver in Harrisonburg who gave me a ride back to campus even though she had just finished her last run and was about to leave for the evening. From a student who would have had to walk 30 minutes."
10378,2022-01-20,2022,Spring,2020–2026,PAT,1,pat / praise,👏,0.37,Community service & mutual aid,Community service & mutual aid,,a staff member,someone,"A ""stress-relieved"" pat to a staff member of Skyline Middle School for returning my lost wallet to me. From someone who was woefully broke for a week and a half.","A ""stress-relieved"" pat to a staff member of Skyline Middle School for returning my lost wallet to me. From someone who was woefully broke for a week and a half."
10384,2022-02-03,2022,Spring,2020–2026,PAT,1,pat / praise,👏,0.37,"Civic identity, media & reputation","Civic identity, media & reputation",Harrisonburg | The Breeze,The Breeze,a Madison College graduate,"A ""staying-in-touch"" pat to The Breeze for delivering copies that can be picked up by alumni who don't live in Harrisonburg at various locations including Cinnamon Bear, Valley Fi…","A ""staying-in-touch"" pat to The Breeze for delivering copies that can be picked up by alumni who don't live in Harrisonburg at various locations including Cinnamon Bear, Valley Fitness and Martin's. From a Madison College graduate."
10399,2022-02-24,2022,Spring,2020–2026,DART,-1,dart / criticism,🎯,0.38,Other town-gown moments,,Harrisonburg,the gas prices,a broke college student,"A ""wish-my-MPG-was-higher"" dart to the gas prices in Harrisonburg. From a broke college student.","A ""wish-my-MPG-was-higher"" dart to the gas prices in Harrisonburg. From a broke college student."
10444,2022-09-01,2022,Fall,2020–2026,DART,-1,dart / criticism,🎯,0.36,"Neighbors, parties & student behavior","Police, public safety & city services | Neighbors, parties & student behavior | Weather, environment & infrastructure",Harrisonburg,Harrisonburg,an early week trash rationer,"A ""get-with-the-program"" dart to Harrisonburg for only collecting trash on Tuesday. From an early week trash rationer.","A ""get-with-the-program"" dart to Harrisonburg for only collecting trash on Tuesday. From an early week trash rationer."
10487,2022-12-08,2022,Fall,2020–2026,DART,-1,dart / criticism,🎯,0.36,"Housing, landlords & apartment life","Housing, landlords & apartment life",,my landlord,someone,"A ""negligence"" dart to my landlord who said they fixed my washing machine. From someone whose carpet is stained now because it broke again.","A ""negligence"" dart to my landlord who said they fixed my washing machine. From someone whose carpet is stained now because it broke again."
10490,2022-12-08,2022,Fall,2020–2026,PAT,1,pat / praise,👏,0.36,Local businesses & restaurants,"Local businesses & restaurants | Downtown, arts & events | Civic identity, media & reputation",Downtown Harrisonburg,Agora Downtown Market,someone,"A ""shop-local"" pat to Agora Downtown Market for making my holiday shopping easy. From someone who appreciates their selection.","A ""shop-local"" pat to Agora Downtown Market for making my holiday shopping easy. From someone who appreciates their selection."
10496,2023-01-26,2023,Spring,2020–2026,DART,-1,dart / criticism,🎯,0.39,"Streets, traffic & pedestrian safety","Streets, traffic & pedestrian safety",Main Street,the trains,someone,"A ""wrong-side-of-the-tracks"" dart to the trains that cross South Main Street. From someone who was late to class because of one.","A ""wrong-side-of-the-tracks"" dart to the trains that cross South Main Street. From someone who was late to class because of one."
10525,2023-03-30,2023,Spring,2020–2026,DART,-1,dart / criticism,🎯,0.37,"Streets, traffic & pedestrian safety","Streets, traffic & pedestrian safety",,the Chick-fil-A,a regular customer,"A ""this-is-unacceptable"" dart to the Chick-fil-A on East Market Street for being closed. From a regular customer who can't wait for renovations to finish.","A ""this-is-unacceptable"" dart to the Chick-fil-A on East Market Street for being closed. From a regular customer who can't wait for renovations to finish."
10528,2023-04-06,2023,Spring,2020–2026,PAT,1,pat / praise,👏,0.45,"Housing, landlords & apartment life","Housing, landlords & apartment life | Community service & mutual aid",Harrisonburg,the student,a grateful Harrisonburg resident,"A ""thank-you"" pat to the student who helped get my walker down the stairs after Winterguard and Dukettes exhibition at Godwin Hall. From a grateful Harrisonburg resident who’d lov…","A ""thank-you"" pat to the student who helped get my walker down the stairs after Winterguard and Dukettes exhibition at Godwin Hall. From a grateful Harrisonburg resident who’d love to give you more than just a pat for your kindness."
10541,2023-04-27,2023,Spring,2020–2026,DART,-1,dart / criticism,🎯,0.39,"Housing, landlords & apartment life","Housing, landlords & apartment life | Neighbors, parties & student behavior | Downtown, arts & events",Pheasant Run,Pheasant Run apartments,someone,"A ""noise-complaint"" dart to Pheasant Run apartments for having thin walls. From someone who is tired of hearing someone else’s music.","A ""noise-complaint"" dart to Pheasant Run apartments for having thin walls. From someone who is tired of hearing someone else’s music."
10557,2023-08-31,2023,Fall,2020–2026,PAT,1,pat / praise,👏,0.36,"Downtown, arts & events","Downtown, arts & events",Harrisonburg | Downtown Harrisonburg,Harrisonburg Downtown Renaissance,someone,"A ""good-idea"" pat to Harrisonburg Downtown Renaissance for hosting a summer concert series. From someone who enjoyed the events.","A ""good-idea"" pat to Harrisonburg Downtown Renaissance for hosting a summer concert series. From someone who enjoyed the events."
10576,2023-10-05,2023,Fall,2020–2026,DART,-1,dart / criticism,🎯,0.36,"Housing, landlords & apartment life","Housing, landlords & apartment life",,the skunk,someone,"A ""what's-that-smell"" dart to the skunk that hangs out around my townhouse. From someone who needs to invest in pest control.","A ""what's-that-smell"" dart to the skunk that hangs out around my townhouse. From someone who needs to invest in pest control."
10582,2023-10-12,2023,Fall,2020–2026,DART,-1,dart / criticism,🎯,0.37,"Housing, landlords & apartment life","Parking, towing & cars | Housing, landlords & apartment life | Campus edge, construction & expansion",,the person,someone,"A ""move-your-car"" dart to the person who has been parked in two spots at my apartment for the past two days. From someone who just wants to park close to their building at night.","A ""move-your-car"" dart to the person who has been parked in two spots at my apartment for the past two days. From someone who just wants to park close to their building at night."
10591,2023-11-09,2023,Fall,2020–2026,DART,-1,dart / criticism,🎯,0.37,"Housing, landlords & apartment life","Housing, landlords & apartment life | Neighbors, parties & student behavior | Civic identity, media & reputation",Harrisonburg,the students,a Harrisonburg resident,"A ""clean-up-after-yourself"" dart to the students living at Copper Beach and The Commons for throwing beer cans in people's yards. From a Harrisonburg resident who wants them to re…","A ""clean-up-after-yourself"" dart to the students living at Copper Beach and The Commons for throwing beer cans in people's yards. From a Harrisonburg resident who wants them to remember they're a guest in town."
10595,2023-11-30,2023,Fall,2020–2026,DART,-1,dart / criticism,🎯,0.37,"Streets, traffic & pedestrian safety","Streets, traffic & pedestrian safety | Transit, buses & mobility | Community service & mutual aid",Harrisonburg Transit,the people,a concerned driver,"A ""pay-attention"" dart to the people on Reservoir Street on Nov. 15 who didn't stop for the school bus with its stop sign out and red lights blinking. From a concerned driver.","A ""pay-attention"" dart to the people on Reservoir Street on Nov. 15 who didn't stop for the school bus with its stop sign out and red lights blinking. From a concerned driver."
10605,2024-01-18,2024,Spring,2020–2026,DART,-1,dart / criticism,🎯,0.4,"Streets, traffic & pedestrian safety","Streets, traffic & pedestrian safety | Police, public safety & city services",Harrisonburg | Harrisonburg Police,the Harrisonburg Police Department,someone,"A ""delayed-reaction"" dart to the Harrisonburg Police Department for sending me a speeding ticket a month and a half after it was issued. From someone who thinks the statute of lim…","A ""delayed-reaction"" dart to the Harrisonburg Police Department for sending me a speeding ticket a month and a half after it was issued. From someone who thinks the statute of limitations has expired."
10607,2024-01-25,2024,Spring,2020–2026,PAT,1,pat / praise,👏,0.38,"Streets, traffic & pedestrian safety","Streets, traffic & pedestrian safety | Housing, landlords & apartment life",Main Street,the residents,someone,"A ""congratulations"" pat to the residents of the house located near the intersection of Martin Luther King Jr. Way and South Main Street for their creatively adorned skeleton. From…","A ""congratulations"" pat to the residents of the house located near the intersection of Martin Luther King Jr. Way and South Main Street for their creatively adorned skeleton. From someone who eagerly anticipates passing it on the way to work every holiday."
10610,2024-01-25,2024,Spring,2020–2026,PAT,1,pat / praise,👏,0.36,Other town-gown moments,,,7 Brew,a caffeine addict,"A ""you-know-your-target-demographic"" pat to 7 Brew for distributing coupons at student housing complexes. From a caffeine addict.","A ""you-know-your-target-demographic"" pat to 7 Brew for distributing coupons at student housing complexes. From a caffeine addict."
10615,2024-02-08,2024,Spring,2020–2026,PAT,1,pat / praise,👏,0.4,"Police, public safety & city services","Police, public safety & city services | Housing, landlords & apartment life | Community service & mutual aid | Civic identity, media & reputation",Rockingham County,the local citizenry and especially the students,a resident,"A ""thanks-for-your-activism"" pat to the local citizenry and especially the students at Rockingham County high schools for taking a stand against the ridiculous book ban by the cou…","A ""thanks-for-your-activism"" pat to the local citizenry and especially the students at Rockingham County high schools for taking a stand against the ridiculous book ban by the county school board. From a resident who doesn’t want others to decide what Americans of any age can and can't read."
10678,2024-09-05,2024,Fall,2020–2026,PAT,1,pat / praise,👏,0.39,Local businesses & restaurants,Local businesses & restaurants,Harrisonburg,LineLap and Harrisonburg,someone,"A ""fun-times"" pat to LineLap and Harrisonburg for putting on an amazing senior bar crawl. From someone who had a blast with their friends on Saturday.","A ""fun-times"" pat to LineLap and Harrisonburg for putting on an amazing senior bar crawl. From someone who had a blast with their friends on Saturday."
10685,2024-09-19,2024,Fall,2020–2026,DART,-1,dart / criticism,🎯,0.37,"Streets, traffic & pedestrian safety","Streets, traffic & pedestrian safety",Port Republic Road,the Jimmy John's,a sorority girl,"A ""not-even-close"" dart to the Jimmy John’s on Port Republic for giving me the wrong sandwich. From a sorority girl who understands you’re busy but had been thinking of her sandwi…","A ""not-even-close"" dart to the Jimmy John’s on Port Republic for giving me the wrong sandwich. From a sorority girl who understands you’re busy but had been thinking of her sandwich all day."
10702,2024-10-24,2024,Fall,2020–2026,DART,-1,dart / criticism,🎯,0.36,Local businesses & restaurants,"Parking, towing & cars | Local businesses & restaurants",,the girl,an employee,"A ""karma-will-get-you"" dart to the girl who backed into my car at 7Brew and drove away. From an employee who memorized your license plate.","A ""karma-will-get-you"" dart to the girl who backed into my car at 7Brew and drove away. From an employee who memorized your license plate."
10720,2025-01-23,2025,Spring,2020–2026,PAT,1,pat / praise,👏,0.36,"Civic identity, media & reputation","Local businesses & restaurants | Civic identity, media & reputation",The Breeze,The Breeze,alumni,"A ""small-vacation"" pat to The Breeze for returning to local businesses. From alumni who feared it may never return.","A ""small-vacation"" pat to The Breeze for returning to local businesses. From alumni who feared it may never return."
10731,2025-02-14,2025,Spring,2020–2026,PAT,1,pat / praise,👏,0.37,"Weather, environment & infrastructure","Weather, environment & infrastructure",,Massanutten Resort,a student,"A ""best-exercise"" pat to Massanutten Resort for keeping students busy during the snow days. From a student who has been patiently waiting for a dump like this for three years.","A ""best-exercise"" pat to Massanutten Resort for keeping students busy during the snow days. From a student who has been patiently waiting for a dump like this for three years."
10818,2026-01-29,2026,Spring,2020–2026,PAT,1,pat / praise,👏,0.41,"Housing, landlords & apartment life","Housing, landlords & apartment life | Weather, environment & infrastructure",Pheasant Run,the Pheasant Run maintenance workers,a resident,A “you’re-a-real-one” pat to the Pheasant Run maintenance workers. From a resident grateful for your snow melt and patience.,A “you’re-a-real-one” pat to the Pheasant Run maintenance workers. From a resident grateful for your snow melt and patience.
10847,2026-04-09,2026,Spring,2020–2026,PAT,1,pat / praise,👏,0.42,"Civic identity, media & reputation","Community service & mutual aid | Campus edge, construction & expansion | Civic identity, media & reputation",The Breeze,the Breeze staff,someone,A “go-student-journalism” pat to the Breeze staff for the 2025-26 school year who brought the news and more to the campus and community. From someone who is proud to see strong st…,A “go-student-journalism” pat to the Breeze staff for the 2025-26 school year who brought the news and more to the campus and community. From someone who is proud to see strong student-run organizations.
10849,2026-04-09,2026,Spring,2020–2026,PAT,1,pat / praise,👏,0.41,"Downtown, arts & events","Downtown, arts & events | Community service & mutual aid",Downtown Harrisonburg | Macrock,everyone,someone,A “shoutout-DIY-music” pat to everyone who is volunteering to make Macrock happen downtown. From someone who is excited to attend this DIY festival.,A “shoutout-DIY-music” pat to everyone who is volunteering to make Macrock happen downtown. From someone who is excited to attend this DIY festival.
